<?xml version="1.0" ?>
<!DOCTYPE po SYSTEM "http://www.pmddealer.com/xml/po.dtd">
<po>
	<ID>
		<field>
			<name>ID</name>
			<table>order_forms</table>
		</field>
		<value>113724</value>
	</ID>
	<orderdatetime>
		<field>
			<name>ordered</name>
			<table>order_forms</table>
		</field>
		<value>2007-02-18 14:02:00</value>
	</orderdatetime>
	<processed>
		<field>
			<name>processed</name>
			<table>order_forms</table>
		</field>
		<value>Y</value>
	</processed>
	<processdatetime>
		<field>
			<name>process_time</name>
			<table>order_forms</table>
		</field>
		<value>2007-02-18 14:02:34</value>
	</processdatetime>
	<form>
		<field>
			<name>form</name>
			<table>order_forms</table>
		</field>
		<value>338</value>
	</form>
	<user>
		<field>
			<name>user</name>
			<table>order_forms</table>
		</field>
		<value>363</value>
	</user>
	<comments>
		<field>
			<name>comments</name>
			<table>order_forms</table>
		</field>
		<value></value>
	</comments>
	<freightpercentage>
		<field>
			<name>freight_percentage</name>
			<table>order_forms</table>
		</field>
		<value>0</value>
	</freightpercentage>
	<discountpercentage>
		<field>
			<name>discount_percentage</name>
			<table>order_forms</table>
		</field>
		<value>0</value>
	</discountpercentage>
	<total>
		<field>
			<name>total</name>
			<table>order_forms</table>
		</field>
		<value>1891.00</value>
	</total>
	<type>
		<field>
			<name>type</name>
			<table>order_forms</table>
		</field>
		<value>o</value>
	</type>
	<deleted>
		<field>
			<name>deleted</name>
			<table>order_forms</table>
		</field>
		<value>0</value>
	</deleted>
	<emaildate>
		<field>
			<name>email_vendor</name>
			<table>order_forms</table>
		</field>
		<value>0000-00-00</value>
	</emaildate>
	<dealeraddressnumber>
		<field>
			<name>user_address</name>
			<table>order_forms</table>
		</field>
		<value>1</value>
	</dealeraddressnumber>
	<vendor>
		<ID>
			<field>
				<name>id</name>
				<table>snapshot_forms</table>
			</field>
			<link>
				<name>snapshot_form</name>
				<table>order_forms</table>
			</link>
			<value>1580</value>
		</ID>
		<origid>
			<field>
				<name>orig_id</name>
				<table>snapshot_forms</table>
			</field>
			<value>338</value>
		</origid>
		<origvendor>
			<field>
				<name>orig_vendor</name>
				<table>snapshot_forms</table>
			</field>
			<value>277</value>
		</origvendor>
		<vendorname>
			<field>
				<name>name</name>
				<table>snapshot_forms</table>
			</field>
			<value>Corsicana 2006 New Product (Washington/Oregon)</value>
		</vendorname>
		<address1>
			<field>
				<name>address</name>
				<table>snapshot_forms</table>
			</field>
			<value>P.O. Box 1050</value>
		</address1>
		<address2>
			<field>
				<name></name>
				<table></table>
			</field>
			<value></value>
		</address2>
		<city>
			<field>
				<name>city</name>
				<table>snapshot_forms</table>
			</field>
			<value>Corsicana</value>
		</city>
		<st>
			<field>
				<name>state</name>
				<table>snapshot_forms</table>
			</field>
			<value>TX</value>
		</st>
		<zip>
			<field>
				<name>zip</name>
				<table>snapshot_forms</table>
			</field>
			<value>75151</value>
		</zip>
		<phone>
			<field>
				<name>phone</name>
				<table>snapshot_forms</table>
			</field>
			<value>800-323-4349</value>
		</phone>
		<fax>
			<field>
				<name>fax</name>
				<table>snapshot_forms</table>
			</field>
			<value>800-983-2663</value>
		</fax>
		<email>
			<field>
				<name>email</name>
				<table>snapshot_forms</table>
			</field>
			<value></value>
		</email>
		<email2>
			<field>
				<name>email2</name>
				<table>snapshot_forms</table>
			</field>
			<value></value>
		</email2>
		<freightprepaid>
			<field>
				<name>prepaidfreight</name>
				<table>snapshot_forms</table>
			</field>
			<value>Y</value>
		</freightprepaid>
		<discount>
			<field>
				<name>discount</name>
				<table>snapshot_forms</table>
			</field>
			<value>0</value>
		</discount>
	</vendor>
	<dealer>
		<ID>
			<field>
				<name>id</name>
				<table>snapshot_users</table>
			</field>
			<link>
				<name>snapshot_user</name>
				<table>order_forms</table>
			</link>
			<value>977</value>
		</ID>
		<origid>
			<field>
				<name>orig_id</name>
				<table>snapshot_users</table>
			</field>
			<value>363</value>
		</origid>
		<dealerfirstname>
			<field>
				<name>first_name</name>
				<table>snapshot_users</table>
			</field>
			<value>WEB DEV</value>
		</dealerfirstname>
		<dealerlastname>
			<field>
				<name>last_name</name>
				<table>snapshot_users</table>
			</field>
			<value>Drais, Ostin</value>
		</dealerlastname>
		<address1>
			<field>
				<name>address</name>
				<table>snapshot_users</table>
			</field>
			<value>DO NOT PROCESS</value>
		</address1>
		<address2>
			<field>
				<name></name>
				<table></table>
			</field>
			<value></value>
		</address2>
		<city>
			<field>
				<name>city</name>
				<table>snapshot_users</table>
			</field>
			<value>Salem</value>
		</city>
		<st>
			<field>
				<name>state</name>
				<table>snapshot_users</table>
			</field>
			<value>OR</value>
		</st>
		<zip>
			<field>
				<name>zip</name>
				<table>snapshot_users</table>
			</field>
			<value></value>
		</zip>
		<phone>
			<field>
				<name>phone</name>
				<table>snapshot_users</table>
			</field>
			<value>503-339-6950</value>
		</phone>
		<fax>
			<field>
				<name>fax</name>
				<table>snapshot_users</table>
			</field>
			<value></value>
		</fax>
		<secondary>
			<field>
				<name>secondary</name>
				<table>snapshot_users</table>
			</field>
			<value>N</value>
		</secondary>
	</dealer>
	<itemgroup>
		<ID>
			<field>
				<name>header</name>
				<table>snapshot_items</table>
			</field>
			<value>23858</value>
		</ID>
		<lineitem>
			<ID>
				<field>
					<name>ID</name>
					<table>orders</table>
				</field>
				<value>461012</value>
			</ID>
			<item>
				<field>
					<name>item</name>
					<table>orders</table>
				</field>
				<link>
					<name>id</name>
					<table>snapshot_items</table>
				</link>
				<value>167136</value>
			</item>
			<origid>
				<field>
					<name>orig_id</name>
					<table>snapshot_items</table>
				</field>
				<value>25621</value>
			</origid>
			<partno>
				<field>
					<name>partno</name>
					<table>snapshot_items</table>
				</field>
				<value>Ortho Hotel-Motel</value>
			</partno>
			<description>
				<field>
					<name>description</name>
					<table>snapshot_items</table>
				</field>
				<value>King</value>
			</description>
			<price>
				<field>
					<name>price</name>
					<table>snapshot_items</table>
				</field>
				<value></value>
			</price>
			<size>
				<field>
					<name>size</name>
					<table>snapshot_items</table>
				</field>
				<value>6/6 (need 2 boxes)</value>
			</size>
			<color>
				<field>
					<name>color</name>
					<table>snapshot_items</table>
				</field>
				<value></value>
			</color>
			<itemset>
				<field>
					<name>set_</name>
					<table>snapshot_items</table>
				</field>
				<value>195</value>
			</itemset>
			<matt>
				<field>
					<name>matt</name>
					<table>snapshot_items</table>
				</field>
				<value>117</value>
			</matt>
			<box>
				<field>
					<name>matt</name>
					<table>snapshot_items</table>
				</field>
				<value>117</value>
			</box>
			<displayorder>
				<field>
					<name>display_order</name>
					<table>snapshot_items</table>
				</field>
				<value>4</value>
			</displayorder>
			<cubicft>
				<field>
					<name>cubic_ft</name>
					<table>snapshot_items</table>
				</field>
				<value>0</value>
			</cubicft>
			<qtyinset>
				<field>
					<name>setqty</name>
					<table>snapshot_items</table>
				</field>
				<value>3</value>
			</qtyinset>
			<setqty>
				<field>
					<name>setqty</name>
					<table>orders</table>
				</field>
				<value>4</value>
			</setqty>
			<mattqty>
				<field>
					<name>mattqty</name>
					<table>orders</table>
				</field>
				<value>0</value>
			</mattqty>
			<boxqty>
				<field>
					<name>qty</name>
					<table>orders</table>
				</field>
				<value>0</value>
			</boxqty>
			<orderdate>
				<field>
					<name>ordered</name>
					<table>orders</table>
				</field>
				<value>2007-02-18</value>
			</orderdate>
			<ordertime>
				<field>
					<name>ordered_time</name>
					<table>orders</table>
				</field>
				<value>14:02:00</value>
			</ordertime>
		</lineitem>
	</itemgroup>
	<itemgroup>
		<ID>
			<field>
				<name>header</name>
				<table>snapshot_items</table>
			</field>
			<value>23861</value>
		</ID>
		<lineitem>
			<ID>
				<field>
					<name>ID</name>
					<table>orders</table>
				</field>
				<value>461013</value>
			</ID>
			<item>
				<field>
					<name>item</name>
					<table>orders</table>
				</field>
				<link>
					<name>id</name>
					<table>snapshot_items</table>
				</link>
				<value>167151</value>
			</item>
			<origid>
				<field>
					<name>orig_id</name>
					<table>snapshot_items</table>
				</field>
				<value>25638</value>
			</origid>
			<partno>
				<field>
					<name>partno</name>
					<table>snapshot_items</table>
				</field>
				<value>SOVERIGN</value>
			</partno>
			<description>
				<field>
					<name>description</name>
					<table>snapshot_items</table>
				</field>
				<value>King</value>
			</description>
			<price>
				<field>
					<name>price</name>
					<table>snapshot_items</table>
				</field>
				<value></value>
			</price>
			<size>
				<field>
					<name>size</name>
					<table>snapshot_items</table>
				</field>
				<value>6/6 (need 2 boxes)</value>
			</size>
			<color>
				<field>
					<name>color</name>
					<table>snapshot_items</table>
				</field>
				<value></value>
			</color>
			<itemset>
				<field>
					<name>set_</name>
					<table>snapshot_items</table>
				</field>
				<value>237</value>
			</itemset>
			<matt>
				<field>
					<name>matt</name>
					<table>snapshot_items</table>
				</field>
				<value>159</value>
			</matt>
			<box>
				<field>
					<name>matt</name>
					<table>snapshot_items</table>
				</field>
				<value>159</value>
			</box>
			<displayorder>
				<field>
					<name>display_order</name>
					<table>snapshot_items</table>
				</field>
				<value>4</value>
			</displayorder>
			<cubicft>
				<field>
					<name>cubic_ft</name>
					<table>snapshot_items</table>
				</field>
				<value>0</value>
			</cubicft>
			<qtyinset>
				<field>
					<name>setqty</name>
					<table>snapshot_items</table>
				</field>
				<value>3</value>
			</qtyinset>
			<setqty>
				<field>
					<name>setqty</name>
					<table>orders</table>
				</field>
				<value>0</value>
			</setqty>
			<mattqty>
				<field>
					<name>mattqty</name>
					<table>orders</table>
				</field>
				<value>2</value>
			</mattqty>
			<boxqty>
				<field>
					<name>qty</name>
					<table>orders</table>
				</field>
				<value>0</value>
			</boxqty>
			<orderdate>
				<field>
					<name>ordered</name>
					<table>orders</table>
				</field>
				<value>2007-02-18</value>
			</orderdate>
			<ordertime>
				<field>
					<name>ordered_time</name>
					<table>orders</table>
				</field>
				<value>14:02:00</value>
			</ordertime>
		</lineitem>
	</itemgroup>
	<itemgroup>
		<ID>
			<field>
				<name>header</name>
				<table>snapshot_items</table>
			</field>
			<value>23867</value>
		</ID>
		<lineitem>
			<ID>
				<field>
					<name>ID</name>
					<table>orders</table>
				</field>
				<value>461014</value>
			</ID>
			<item>
				<field>
					<name>item</name>
					<table>orders</table>
				</field>
				<link>
					<name>id</name>
					<table>snapshot_items</table>
				</link>
				<value>167191</value>
			</item>
			<origid>
				<field>
					<name>orig_id</name>
					<table>snapshot_items</table>
				</field>
				<value>26173</value>
			</origid>
			<partno>
				<field>
					<name>partno</name>
					<table>snapshot_items</table>
				</field>
				<value>Crown</value>
			</partno>
			<description>
				<field>
					<name>description</name>
					<table>snapshot_items</table>
				</field>
				<value>Twin XL</value>
			</description>
			<price>
				<field>
					<name>price</name>
					<table>snapshot_items</table>
				</field>
				<value></value>
			</price>
			<size>
				<field>
					<name>size</name>
					<table>snapshot_items</table>
				</field>
				<value></value>
			</size>
			<color>
				<field>
					<name>color</name>
					<table>snapshot_items</table>
				</field>
				<value></value>
			</color>
			<itemset>
				<field>
					<name>set_</name>
					<table>snapshot_items</table>
				</field>
				<value>179</value>
			</itemset>
			<matt>
				<field>
					<name>matt</name>
					<table>snapshot_items</table>
				</field>
				<value>134</value>
			</matt>
			<box>
				<field>
					<name>matt</name>
					<table>snapshot_items</table>
				</field>
				<value>134</value>
			</box>
			<displayorder>
				<field>
					<name>display_order</name>
					<table>snapshot_items</table>
				</field>
				<value>1.5</value>
			</displayorder>
			<cubicft>
				<field>
					<name>cubic_ft</name>
					<table>snapshot_items</table>
				</field>
				<value>0</value>
			</cubicft>
			<qtyinset>
				<field>
					<name>setqty</name>
					<table>snapshot_items</table>
				</field>
				<value>2</value>
			</qtyinset>
			<setqty>
				<field>
					<name>setqty</name>
					<table>orders</table>
				</field>
				<value>0</value>
			</setqty>
			<mattqty>
				<field>
					<name>mattqty</name>
					<table>orders</table>
				</field>
				<value>0</value>
			</mattqty>
			<boxqty>
				<field>
					<name>qty</name>
					<table>orders</table>
				</field>
				<value>3</value>
			</boxqty>
			<orderdate>
				<field>
					<name>ordered</name>
					<table>orders</table>
				</field>
				<value>2007-02-18</value>
			</orderdate>
			<ordertime>
				<field>
					<name>ordered_time</name>
					<table>orders</table>
				</field>
				<value>14:02:00</value>
			</ordertime>
		</lineitem>
	</itemgroup>
	<itemgroup>
		<ID>
			<field>
				<name>header</name>
				<table>snapshot_items</table>
			</field>
			<value>23873</value>
		</ID>
		<lineitem>
			<ID>
				<field>
					<name>ID</name>
					<table>orders</table>
				</field>
				<value>461015</value>
			</ID>
			<item>
				<field>
					<name>item</name>
					<table>orders</table>
				</field>
				<link>
					<name>id</name>
					<table>snapshot_items</table>
				</link>
				<value>167215</value>
			</item>
			<origid>
				<field>
					<name>orig_id</name>
					<table>snapshot_items</table>
				</field>
				<value>25715</value>
			</origid>
			<partno>
				<field>
					<name>partno</name>
					<table>snapshot_items</table>
				</field>
				<value>Regal Registry</value>
			</partno>
			<description>
				<field>
					<name>description</name>
					<table>snapshot_items</table>
				</field>
				<value>Queen</value>
			</description>
			<price>
				<field>
					<name>price</name>
					<table>snapshot_items</table>
				</field>
				<value></value>
			</price>
			<size>
				<field>
					<name>size</name>
					<table>snapshot_items</table>
				</field>
				<value></value>
			</size>
			<color>
				<field>
					<name>color</name>
					<table>snapshot_items</table>
				</field>
				<value></value>
			</color>
			<itemset>
				<field>
					<name>set_</name>
					<table>snapshot_items</table>
				</field>
				<value>329</value>
			</itemset>
			<matt>
				<field>
					<name>matt</name>
					<table>snapshot_items</table>
				</field>
				<value>253</value>
			</matt>
			<box>
				<field>
					<name>matt</name>
					<table>snapshot_items</table>
				</field>
				<value>253</value>
			</box>
			<displayorder>
				<field>
					<name>display_order</name>
					<table>snapshot_items</table>
				</field>
				<value>3</value>
			</displayorder>
			<cubicft>
				<field>
					<name>cubic_ft</name>
					<table>snapshot_items</table>
				</field>
				<value>0</value>
			</cubicft>
			<qtyinset>
				<field>
					<name>setqty</name>
					<table>snapshot_items</table>
				</field>
				<value>2</value>
			</qtyinset>
			<setqty>
				<field>
					<name>setqty</name>
					<table>orders</table>
				</field>
				<value>2</value>
			</setqty>
			<mattqty>
				<field>
					<name>mattqty</name>
					<table>orders</table>
				</field>
				<value>0</value>
			</mattqty>
			<boxqty>
				<field>
					<name>qty</name>
					<table>orders</table>
				</field>
				<value>0</value>
			</boxqty>
			<orderdate>
				<field>
					<name>ordered</name>
					<table>orders</table>
				</field>
				<value>2007-02-18</value>
			</orderdate>
			<ordertime>
				<field>
					<name>ordered_time</name>
					<table>orders</table>
				</field>
				<value>14:02:00</value>
			</ordertime>
		</lineitem>
	</itemgroup>
</po>