<?xml version="1.0" ?>
<!DOCTYPE po SYSTEM "http://www.pmddealer.com/xml/po.dtd">
<po number="106443" freightprepaid="1">
<entrydate>2006-11-24T17:06:50</entrydate>
<processdate></processdate>
<vendor>
<vendorname>Samuel Lawrence 2006</vendorname>
<address1></address1>
<address2></address2>
<city></city>
<st></st>
<zip></zip>
<phone>800-824-2777 x1404</phone>
<fax>800-877-7537</fax>
</vendor>
<dealer>
<dealerfirstname>PMD - Landover, MD (C)</dealerfirstname>
<dealerlastname>Wilson, Theron</dealerlastname>
<address1>3361 75th Avenue, Unit U</address1>
<address2></address2>
<city>Landover</city>
<st>MD</st>
<zip>20785</zip>
<phone>703-772-2740 (2nd wa</phone>
<fax>240-372-6691 (1st wa</fax>
</dealer>
<itemgroup header="24374">
<lineitem>
<itemnumber>1640-272</itemnumber>
<description>6/6 Sleigh HB</description>
<qty type="box" amt="1">
<unitprice>416.00</unitprice>
</qty>
</lineitem>
<lineitem>
<itemnumber>1640-273</itemnumber>
<description>6/6 Sleigh FB</description>
<qty type="box" amt="1">
<unitprice>315.00</unitprice>
</qty>
</lineitem>
<lineitem>
<itemnumber>1640-509</itemnumber>
<description>6/6 Sleigh Rails</description>
<qty type="box" amt="1">
<unitprice>95.00</unitprice>
</qty>
</lineitem>
<lineitem>
<itemnumber>1640-010</itemnumber>
<description>Dresser</description>
<qty type="box" amt="1">
<unitprice>588.00</unitprice>
</qty>
</lineitem>
<lineitem>
<itemnumber>1640-030</itemnumber>
<description>Mirror</description>
<qty type="box" amt="1">
<unitprice>250.00</unitprice>
</qty>
</lineitem>
<lineitem>
<itemnumber>1640-040</itemnumber>
<description>Chest</description>
<qty type="box" amt="1">
<unitprice>493.00</unitprice>
</qty>
</lineitem>
<lineitem>
<itemnumber>1640-045A</itemnumber>
<description>Armoire Deck</description>
<qty type="box" amt="1">
<unitprice>446.00</unitprice>
</qty>
</lineitem>
<lineitem>
<itemnumber>1640-045B</itemnumber>
<description>Armoire Base</description>
<qty type="box" amt="1">
<unitprice>386.00</unitprice>
</qty>
</lineitem>
<lineitem>
<itemnumber>1640-050</itemnumber>
<description>Nightstand</description>
<qty type="box" amt="2">
<unitprice>291.00</unitprice>
</qty>
</lineitem>
</itemgroup>
<itemgroup header="24380">
<lineitem>
<itemnumber>4015-045B</itemnumber>
<description>Armoire Base</description>
<qty type="box" amt="1">
<unitprice>357.00</unitprice>
</qty>
</lineitem>
<lineitem>
<itemnumber>4015-050</itemnumber>
<description>Nightstand</description>
<qty type="box" amt="1">
<unitprice>288.00</unitprice>
</qty>
</lineitem>
</itemgroup>
<totalpieces>12</totalpieces>
<approxvolume>0</approxvolume>
<producttotal>4216</producttotal>
<discount>0</discount>
<freight>442.68</freight>
<total>4658.68</total>
<comment>I need Eastern King Sleigh rails - I DON'T KNOW WHETHER I ORDERED THE RIGHT ONES because it says 6/6 (is that eastern or California King?) I NEED EASTERN KING!!!! THEY DON"T HAVE AN OPTION FOR 6/0 SLEIGH BED RAILS IF THAT IS WHAT I NEED - PLEASE CALL TO CONFIRM THAT WHAT I ORDERED IS WHAT I AM GETTING!</comments>
</po>
