<?xml version="1.0" ?>
<!DOCTYPE po SYSTEM "http://www.pmddealer.com/xml/po.dtd">
<po number="106440" freightprepaid="0">
<entrydate>2006-11-23T02:37:43</entrydate>
<processdate></processdate>
<vendor>
<vendorname>Simmons Beautyrest Special Promotion</vendorname>
<address1>Simmons Beautyrest Special Promotion</address1>
<address2></address2>
<city>Various</city>
<st>Va</st>
<zip>Vario</zip>
<phone></phone>
<fax></fax>
</vendor>
<dealer>
<dealerfirstname>PMD - E. Atlanta, GA (D)</dealerfirstname>
<dealerlastname>Hodack, Don</dealerlastname>
<address1>4611 Greer Circle, Suite F</address1>
<address2></address2>
<city>Stone Mountain</city>
<st>GA</st>
<zip>30083</zip>
<phone>404-824-4896</phone>
<fax></fax>
</dealer>
<itemgroup header="24446">
<lineitem>
<itemnumber>M-35068-7.7245  B-50100-7.4001</itemnumber>
<description>Queen Set</description>
<qty type="set" amt="3" setqty="2">
<unitprice>350</unitprice>
</qty>
</lineitem>
<lineitem>
<itemnumber>M-35068-6.7245  B-50100-8.4001</itemnumber>
<description>King Set</description>
<qty type="set" amt="2" setqty="3">
<unitprice>525</unitprice>
</qty>
</lineitem>
</itemgroup>
<totalpieces>12</totalpieces>
<approxvolume>0</approxvolume>
<producttotal>30</producttotal>
<discount>0</discount>
<freight>0</freight>
<total>30</total>
<comment></comments>
</po>
