<?xml version="1.0" ?>
<!DOCTYPE po SYSTEM "http://www.pmddealer.com/xml/po.dtd">
<po number="106442" freightprepaid="1">
<entrydate>2006-11-24T15:46:19</entrydate>
<processdate></processdate>
<vendor>
<vendorname>Standard 2006 New Product</vendorname>
<address1>801 Highway 31 South</address1>
<address2></address2>
<city>Bayminette</city>
<st>AL</st>
<zip>36507</zip>
<phone>800-767-7651</phone>
<fax>251-239-2089</fax>
</vendor>
<dealer>
<dealerfirstname>PMD - Landover, MD (C)</dealerfirstname>
<dealerlastname>Wilson, Theron</dealerlastname>
<address1>3361 75th Avenue, Unit U</address1>
<address2></address2>
<city>Landover</city>
<st>MD</st>
<zip>20785</zip>
<phone>703-772-2740 (2nd wa</phone>
<fax>240-372-6691 (1st wa</fax>
</dealer>
<itemgroup header="24466">
<lineitem>
<itemnumber>1671</itemnumber>
<description>Queen - Full Panel Headboard</description>
<qty type="box" amt="4">
<unitprice>44</unitprice>
</qty>
</lineitem>
<lineitem>
<itemnumber>1679</itemnumber>
<description>6 Drawer Dresser</description>
<qty type="box" amt="5">
<unitprice>89</unitprice>
</qty>
</lineitem>
<lineitem>
<itemnumber>1688</itemnumber>
<description>Panel Mirror</description>
<qty type="box" amt="5">
<unitprice>46</unitprice>
</qty>
</lineitem>
<lineitem>
<itemnumber>1677</itemnumber>
<description>Nightstand</description>
<qty type="box" amt="4">
<unitprice>68</unitprice>
</qty>
</lineitem>
</itemgroup>
<itemgroup header="24467">
<lineitem>
<itemnumber>7272</itemnumber>
<description>Queen-Full Poster Headbd (2 cartons)W/ panel and posts</description>
<qty type="box" amt="1">
<unitprice>148</unitprice>
</qty>
</lineitem>
<lineitem>
<itemnumber>7262</itemnumber>
<description>Full/Queen Poster Footboard</description>
<qty type="box" amt="1">
<unitprice>114</unitprice>
</qty>
</lineitem>
<lineitem>
<itemnumber>7270</itemnumber>
<description>Queen Rails (Does not fit Full - must use Mantua or L&P hook on rails full)</description>
<qty type="box" amt="1">
<unitprice>52</unitprice>
</qty>
</lineitem>
<lineitem>
<itemnumber>7259</itemnumber>
<description>Triple Dresser</description>
<qty type="box" amt="1">
<unitprice>159</unitprice>
</qty>
</lineitem>
<lineitem>
<itemnumber>7268</itemnumber>
<description>Mirror</description>
<qty type="box" amt="1">
<unitprice>70</unitprice>
</qty>
</lineitem>
<lineitem>
<itemnumber>7255</itemnumber>
<description>5 Drawer Chest</description>
<qty type="box" amt="1">
<unitprice>147</unitprice>
</qty>
</lineitem>
<lineitem>
<itemnumber>7257</itemnumber>
<description>Nightstand</description>
<qty type="box" amt="1">
<unitprice>91</unitprice>
</qty>
</lineitem>
</itemgroup>
<itemgroup header="24482">
<lineitem>
<itemnumber>6401</itemnumber>
<description>Full-Queen Panel HB</description>
<qty type="box" amt="2">
<unitprice>85</unitprice>
</qty>
</lineitem>
<lineitem>
<itemnumber>6405</itemnumber>
<description>Chest, 5 Drawer</description>
<qty type="box" amt="2">
<unitprice>124</unitprice>
</qty>
</lineitem>
<lineitem>
<itemnumber>6406</itemnumber>
<description>Armoire, TV 27 in.</description>
<qty type="box" amt="2">
<unitprice>197</unitprice>
</qty>
</lineitem>
<lineitem>
<itemnumber>6407</itemnumber>
<description>Nightstand</description>
<qty type="box" amt="4">
<unitprice>90</unitprice>
</qty>
</lineitem>
<lineitem>
<itemnumber>6409</itemnumber>
<description>Dresser, 6 Drawer</description>
<qty type="box" amt="2">
<unitprice>152</unitprice>
</qty>
</lineitem>
<lineitem>
<itemnumber>6418</itemnumber>
<description>Mirror, Panel</description>
<qty type="box" amt="2">
<unitprice>57</unitprice>
</qty>
</lineitem>
</itemgroup>
<itemgroup header="24487">
<lineitem>
<itemnumber>1702</itemnumber>
<description>HB, Slat Panel 4/6-5/0</description>
<qty type="box" amt="4">
<unitprice>64</unitprice>
</qty>
</lineitem>
<lineitem>
<itemnumber>1705</itemnumber>
<description>Chest, 5 Drawer</description>
<qty type="box" amt="2">
<unitprice>123</unitprice>
</qty>
</lineitem>
<lineitem>
<itemnumber>1707</itemnumber>
<description>Nightstand</description>
<qty type="box" amt="5">
<unitprice>76</unitprice>
</qty>
</lineitem>
<lineitem>
<itemnumber>1709</itemnumber>
<description>Dresser, double</description>
<qty type="box" amt="2">
<unitprice>132</unitprice>
</qty>
</lineitem>
<lineitem>
<itemnumber>1718</itemnumber>
<description>Mirror, Slat Panel</description>
<qty type="box" amt="2">
<unitprice>59</unitprice>
</qty>
</lineitem>
</itemgroup>
<totalpieces>54</totalpieces>
<approxvolume>253.3</approxvolume>
<producttotal>4758</producttotal>
<discount>0</discount>
<freight>570.96</freight>
<total>5328.96</total>
<comment></comments>
</po>
