<?xml version="1.0" ?>
<!DOCTYPE po SYSTEM "http://www.pmddealer.com/xml/po.dtd">
<po number="106441" freightprepaid="0">
<entrydate>2006-11-24T14:01:32</entrydate>
<processdate></processdate>
<vendor>
<vendorname>Simmons Beautyrest Special Promotion</vendorname>
<address1>Simmons Beautyrest Special Promotion</address1>
<address2></address2>
<city>Various</city>
<st>Va</st>
<zip>Vario</zip>
<phone></phone>
<fax></fax>
</vendor>
<dealer>
<dealerfirstname>PMD - Bucks County, PA (C)</dealerfirstname>
<dealerlastname>Sturdevant, Royce</dealerlastname>
<address1>1806 Deep Run Road, Unit B</address1>
<address2></address2>
<city>Pipersville</city>
<st>PA</st>
<zip>18947</zip>
<phone>267-640-2148</phone>
<fax></fax>
</dealer>
<itemgroup header="24446">
<lineitem>
<itemnumber>M-35068-7.7245  B-50100-7.4001</itemnumber>
<description>Queen Set</description>
<qty type="set" amt="4" setqty="2">
<unitprice>350</unitprice>
</qty>
</lineitem>
<lineitem>
<itemnumber>M-35068-6.7245  B-50100-8.4001</itemnumber>
<description>King Set</description>
<qty type="set" amt="1" setqty="3">
<unitprice>525</unitprice>
</qty>
</lineitem>
</itemgroup>
<totalpieces>11</totalpieces>
<approxvolume>0</approxvolume>
<producttotal>35</producttotal>
<discount>0</discount>
<freight>0</freight>
<total>35</total>
<comment></comments>
</po>
