<?xml version="1.0" ?>
<!DOCTYPE po SYSTEM "http://www.pmddealer.com/xml/po.dtd">
<po number="14" freightprepaid="">
<entrydate>2002-09-06T00:00:00</entrydate>
<processdate></processdate>
<vendor>
<vendorname></vendorname>
<address1></address1>
<address2></address2>
<city></city>
<st></st>
<zip></zip>
<phone></phone>
<fax></fax>
</vendor>
<dealer>
<dealerfirstname></dealerfirstname>
<dealerlastname></dealerlastname>
<address1></address1>
<address2></address2>
<city></city>
<st></st>
<zip></zip>
<phone></phone>
<fax></fax>
</dealer>
</itemgroup>
<totalpieces>0</totalpieces>
<approxvolume>0</approxvolume>
<producttotal>0</producttotal>
<discount>0</discount>
<freight>0</freight>
<total>0</total>
<comment></comments>
</po>
