<?xml version="1.0" ?>
<!DOCTYPE po SYSTEM "http://www.pmddealer.com/xml/po.dtd">
<po number="15" freightprepaid="0">
<entrydate>2002-09-06T00:00:00</entrydate>
<processdate></processdate>
<vendor>
<vendorname>Bernard's</vendorname>
<address1>P.O. Box 1489</address1>
<address2></address2>
<city>High Point</city>
<st>NC</st>
<zip>27261</zip>
<phone>800-861-6130</phone>
<fax>800-793-4535</fax>
</vendor>
<dealer>
<dealerfirstname></dealerfirstname>
<dealerlastname></dealerlastname>
<address1></address1>
<address2></address2>
<city></city>
<st></st>
<zip></zip>
<phone></phone>
<fax></fax>
</dealer>
<itemgroup header="32">
<lineitem>
<itemnumber>5130</itemnumber>
<description>Table</description>
<qty type="box" amt="1">
<unitprice>248</unitprice>
</qty>
</lineitem>
</itemgroup>
<totalpieces>1</totalpieces>
<approxvolume>0</approxvolume>
<producttotal>248</producttotal>
<discount>0</discount>
<freight>0</freight>
<total>248</total>
<comment></comments>
</po>
