<?xml version="1.0" ?>
<!DOCTYPE po SYSTEM "http://www.pmddealer.com/xml/po.dtd">
<po>
	<ID>
		<field>
			<name>ID</name>
			<table>order_forms</table>
		</field>
		<value>112954</value>
	</ID>
	<orderdatetime>
		<field>
			<name>ordered</name>
			<table>order_forms</table>
		</field>
		<value>2007-02-09 14:53:00</value>
	</orderdatetime>
	<processed>
		<field>
			<name>processed</name>
			<table>order_forms</table>
		</field>
		<value>Y</value>
	</processed>
	<processdatetime>
		<field>
			<name>process_time</name>
			<table>order_forms</table>
		</field>
		<value>2007-02-09 14:56:55</value>
	</processdatetime>
	<form>
		<field>
			<name>form</name>
			<table>order_forms</table>
		</field>
		<value>389</value>
	</form>
	<user>
		<field>
			<name>user</name>
			<table>order_forms</table>
		</field>
		<value>351</value>
	</user>
	<comments>
		<field>
			<name>comments</name>
			<table>order_forms</table>
		</field>
		<value>please call 24 hours prior to delivery. Mike 502-641-6607</value>
	</comments>
	<freightpercentage>
		<field>
			<name>freight_percentage</name>
			<table>order_forms</table>
		</field>
		<value>0</value>
	</freightpercentage>
	<discountpercentage>
		<field>
			<name>discount_percentage</name>
			<table>order_forms</table>
		</field>
		<value>0</value>
	</discountpercentage>
	<total>
		<field>
			<name>total</name>
			<table>order_forms</table>
		</field>
		<value>5284.00</value>
	</total>
	<type>
		<field>
			<name>type</name>
			<table>order_forms</table>
		</field>
		<value>o</value>
	</type>
	<deleted>
		<field>
			<name>deleted</name>
			<table>order_forms</table>
		</field>
		<value>0</value>
	</deleted>
	<emaildate>
		<field>
			<name>email_vendor</name>
			<table>order_forms</table>
		</field>
		<value>2007-02-09</value>
	</emaildate>
	<dealeraddressnumber>
		<field>
			<name>user_address</name>
			<table>order_forms</table>
		</field>
		<value>1</value>
	</dealeraddressnumber>
	<vendor>
		<ID>
			<field>
				<name>id</name>
				<table>snapshot_forms</table>
			</field>
			<link>
				<name>snapshot_form</name>
				<table>order_forms</table>
			</link>
			<value>2683</value>
		</ID>
		<origid>
			<field>
				<name>orig_id</name>
				<table>snapshot_forms</table>
			</field>
			<value>389</value>
		</origid>
		<origvendor>
			<field>
				<name>orig_vendor</name>
				<table>snapshot_forms</table>
			</field>
			<value>363</value>
		</origvendor>
		<vendorname>
			<field>
				<name>name</name>
				<table>snapshot_forms</table>
			</field>
			<value>Simmons 2007 New Product - Janesville</value>
		</vendorname>
		<address1>
			<field>
				<name>address</name>
				<table>snapshot_forms</table>
			</field>
			<value>Simmons</value>
		</address1>
		<address2>
			<field>
				<name></name>
				<table></table>
			</field>
			<value></value>
		</address2>
		<city>
			<field>
				<name>city</name>
				<table>snapshot_forms</table>
			</field>
			<value>Janesville</value>
		</city>
		<st>
			<field>
				<name>state</name>
				<table>snapshot_forms</table>
			</field>
			<value>WI</value>
		</st>
		<zip>
			<field>
				<name>zip</name>
				<table>snapshot_forms</table>
			</field>
			<value></value>
		</zip>
		<phone>
			<field>
				<name>phone</name>
				<table>snapshot_forms</table>
			</field>
			<value>608-741-5524</value>
		</phone>
		<fax>
			<field>
				<name>fax</name>
				<table>snapshot_forms</table>
			</field>
			<value>877-826-1290</value>
		</fax>
		<email>
			<field>
				<name>email</name>
				<table>snapshot_forms</table>
			</field>
			<value></value>
		</email>
		<email2>
			<field>
				<name>email2</name>
				<table>snapshot_forms</table>
			</field>
			<value></value>
		</email2>
		<freightprepaid>
			<field>
				<name>prepaidfreight</name>
				<table>snapshot_forms</table>
			</field>
			<value>Y</value>
		</freightprepaid>
		<discount>
			<field>
				<name>discount</name>
				<table>snapshot_forms</table>
			</field>
			<value>0</value>
		</discount>
	</vendor>
	<dealer>
		<ID>
			<field>
				<name>id</name>
				<table>snapshot_users</table>
			</field>
			<link>
				<name>snapshot_user</name>
				<table>order_forms</table>
			</link>
			<value>928</value>
		</ID>
		<origid>
			<field>
				<name>orig_id</name>
				<table>snapshot_users</table>
			</field>
			<value>351</value>
		</origid>
		<dealerfirstname>
			<field>
				<name>first_name</name>
				<table>snapshot_users</table>
			</field>
			<value>PMD - Louisville, KY (D)</value>
		</dealerfirstname>
		<dealerlastname>
			<field>
				<name>last_name</name>
				<table>snapshot_users</table>
			</field>
			<value>Meehan, Mike</value>
		</dealerlastname>
		<address1>
			<field>
				<name>address</name>
				<table>snapshot_users</table>
			</field>
			<value>3300 Ruckriegel Pkwy #112</value>
		</address1>
		<address2>
			<field>
				<name></name>
				<table></table>
			</field>
			<value></value>
		</address2>
		<city>
			<field>
				<name>city</name>
				<table>snapshot_users</table>
			</field>
			<value>Louisville</value>
		</city>
		<st>
			<field>
				<name>state</name>
				<table>snapshot_users</table>
			</field>
			<value>KY</value>
		</st>
		<zip>
			<field>
				<name>zip</name>
				<table>snapshot_users</table>
			</field>
			<value>40299</value>
		</zip>
		<phone>
			<field>
				<name>phone</name>
				<table>snapshot_users</table>
			</field>
			<value>502-641-6607</value>
		</phone>
		<fax>
			<field>
				<name>fax</name>
				<table>snapshot_users</table>
			</field>
			<value></value>
		</fax>
		<secondary>
			<field>
				<name>secondary</name>
				<table>snapshot_users</table>
			</field>
			<value>N</value>
		</secondary>
	</dealer>
	<itemgroup>
		<ID>
			<field>
				<name>header</name>
				<table>snapshot_items</table>
			</field>
			<value>39091</value>
		</ID>
		<lineitem>
			<ID>
				<field>
					<name>ID</name>
					<table>orders</table>
				</field>
				<value>458191</value>
			</ID>
			<item>
				<field>
					<name>item</name>
					<table>orders</table>
				</field>
				<link>
					<name>id</name>
					<table>snapshot_items</table>
				</link>
				<value>249421</value>
			</item>
			<origid>
				<field>
					<name>orig_id</name>
					<table>snapshot_items</table>
				</field>
				<value>44084</value>
			</origid>
			<partno>
				<field>
					<name>partno</name>
					<table>snapshot_items</table>
				</field>
				<value>Beautyrest Exceptionale (Matt: 32515.7262/Box: 50100.4001)</value>
			</partno>
			<description>
				<field>
					<name>description</name>
					<table>snapshot_items</table>
				</field>
				<value>Queen</value>
			</description>
			<price>
				<field>
					<name>price</name>
					<table>snapshot_items</table>
				</field>
				<value></value>
			</price>
			<size>
				<field>
					<name>size</name>
					<table>snapshot_items</table>
				</field>
				<value>5/0</value>
			</size>
			<color>
				<field>
					<name>color</name>
					<table>snapshot_items</table>
				</field>
				<value></value>
			</color>
			<itemset>
				<field>
					<name>set_</name>
					<table>snapshot_items</table>
				</field>
				<value>625</value>
			</itemset>
			<matt>
				<field>
					<name>matt</name>
					<table>snapshot_items</table>
				</field>
				<value></value>
			</matt>
			<box>
				<field>
					<name>matt</name>
					<table>snapshot_items</table>
				</field>
				<value></value>
			</box>
			<displayorder>
				<field>
					<name>display_order</name>
					<table>snapshot_items</table>
				</field>
				<value>4</value>
			</displayorder>
			<cubicft>
				<field>
					<name>cubic_ft</name>
					<table>snapshot_items</table>
				</field>
				<value>0</value>
			</cubicft>
			<qtyinset>
				<field>
					<name>setqty</name>
					<table>snapshot_items</table>
				</field>
				<value>2</value>
			</qtyinset>
			<setqty>
				<field>
					<name>setqty</name>
					<table>orders</table>
				</field>
				<value>2</value>
			</setqty>
			<mattqty>
				<field>
					<name>mattqty</name>
					<table>orders</table>
				</field>
				<value>0</value>
			</mattqty>
			<boxqty>
				<field>
					<name>qty</name>
					<table>orders</table>
				</field>
				<value>0</value>
			</boxqty>
			<orderdate>
				<field>
					<name>ordered</name>
					<table>orders</table>
				</field>
				<value>2007-02-09</value>
			</orderdate>
			<ordertime>
				<field>
					<name>ordered_time</name>
					<table>orders</table>
				</field>
				<value>14:53:32</value>
			</ordertime>
		</lineitem>
		<lineitem>
			<ID>
				<field>
					<name>ID</name>
					<table>orders</table>
				</field>
				<value>458192</value>
			</ID>
			<item>
				<field>
					<name>item</name>
					<table>orders</table>
				</field>
				<link>
					<name>id</name>
					<table>snapshot_items</table>
				</link>
				<value>249422</value>
			</item>
			<origid>
				<field>
					<name>orig_id</name>
					<table>snapshot_items</table>
				</field>
				<value>44085</value>
			</origid>
			<partno>
				<field>
					<name>partno</name>
					<table>snapshot_items</table>
				</field>
				<value>Beautyrest Exceptionale (Matt: 32515.7262/Box: 50100.4001)</value>
			</partno>
			<description>
				<field>
					<name>description</name>
					<table>snapshot_items</table>
				</field>
				<value>King</value>
			</description>
			<price>
				<field>
					<name>price</name>
					<table>snapshot_items</table>
				</field>
				<value></value>
			</price>
			<size>
				<field>
					<name>size</name>
					<table>snapshot_items</table>
				</field>
				<value>6/6(needs 2 boxes)</value>
			</size>
			<color>
				<field>
					<name>color</name>
					<table>snapshot_items</table>
				</field>
				<value></value>
			</color>
			<itemset>
				<field>
					<name>set_</name>
					<table>snapshot_items</table>
				</field>
				<value>813</value>
			</itemset>
			<matt>
				<field>
					<name>matt</name>
					<table>snapshot_items</table>
				</field>
				<value></value>
			</matt>
			<box>
				<field>
					<name>matt</name>
					<table>snapshot_items</table>
				</field>
				<value></value>
			</box>
			<displayorder>
				<field>
					<name>display_order</name>
					<table>snapshot_items</table>
				</field>
				<value>5</value>
			</displayorder>
			<cubicft>
				<field>
					<name>cubic_ft</name>
					<table>snapshot_items</table>
				</field>
				<value>0</value>
			</cubicft>
			<qtyinset>
				<field>
					<name>setqty</name>
					<table>snapshot_items</table>
				</field>
				<value>3</value>
			</qtyinset>
			<setqty>
				<field>
					<name>setqty</name>
					<table>orders</table>
				</field>
				<value>2</value>
			</setqty>
			<mattqty>
				<field>
					<name>mattqty</name>
					<table>orders</table>
				</field>
				<value>0</value>
			</mattqty>
			<boxqty>
				<field>
					<name>qty</name>
					<table>orders</table>
				</field>
				<value>0</value>
			</boxqty>
			<orderdate>
				<field>
					<name>ordered</name>
					<table>orders</table>
				</field>
				<value>2007-02-09</value>
			</orderdate>
			<ordertime>
				<field>
					<name>ordered_time</name>
					<table>orders</table>
				</field>
				<value>14:53:32</value>
			</ordertime>
		</lineitem>
	</itemgroup>
	<itemgroup>
		<ID>
			<field>
				<name>header</name>
				<table>snapshot_items</table>
			</field>
			<value>39092</value>
		</ID>
		<lineitem>
			<ID>
				<field>
					<name>ID</name>
					<table>orders</table>
				</field>
				<value>458187</value>
			</ID>
			<item>
				<field>
					<name>item</name>
					<table>orders</table>
				</field>
				<link>
					<name>id</name>
					<table>snapshot_items</table>
				</link>
				<value>249427</value>
			</item>
			<origid>
				<field>
					<name>orig_id</name>
					<table>snapshot_items</table>
				</field>
				<value>44072</value>
			</origid>
			<partno>
				<field>
					<name>partno</name>
					<table>snapshot_items</table>
				</field>
				<value>Plush (Matt: 90527.8050/Box: 50816.8100)</value>
			</partno>
			<description>
				<field>
					<name>description</name>
					<table>snapshot_items</table>
				</field>
				<value>Queen</value>
			</description>
			<price>
				<field>
					<name>price</name>
					<table>snapshot_items</table>
				</field>
				<value></value>
			</price>
			<size>
				<field>
					<name>size</name>
					<table>snapshot_items</table>
				</field>
				<value>5/0</value>
			</size>
			<color>
				<field>
					<name>color</name>
					<table>snapshot_items</table>
				</field>
				<value></value>
			</color>
			<itemset>
				<field>
					<name>set_</name>
					<table>snapshot_items</table>
				</field>
				<value>223</value>
			</itemset>
			<matt>
				<field>
					<name>matt</name>
					<table>snapshot_items</table>
				</field>
				<value>130</value>
			</matt>
			<box>
				<field>
					<name>matt</name>
					<table>snapshot_items</table>
				</field>
				<value>130</value>
			</box>
			<displayorder>
				<field>
					<name>display_order</name>
					<table>snapshot_items</table>
				</field>
				<value>3</value>
			</displayorder>
			<cubicft>
				<field>
					<name>cubic_ft</name>
					<table>snapshot_items</table>
				</field>
				<value>0</value>
			</cubicft>
			<qtyinset>
				<field>
					<name>setqty</name>
					<table>snapshot_items</table>
				</field>
				<value>2</value>
			</qtyinset>
			<setqty>
				<field>
					<name>setqty</name>
					<table>orders</table>
				</field>
				<value>2</value>
			</setqty>
			<mattqty>
				<field>
					<name>mattqty</name>
					<table>orders</table>
				</field>
				<value>0</value>
			</mattqty>
			<boxqty>
				<field>
					<name>qty</name>
					<table>orders</table>
				</field>
				<value>0</value>
			</boxqty>
			<orderdate>
				<field>
					<name>ordered</name>
					<table>orders</table>
				</field>
				<value>2007-02-09</value>
			</orderdate>
			<ordertime>
				<field>
					<name>ordered_time</name>
					<table>orders</table>
				</field>
				<value>14:53:32</value>
			</ordertime>
		</lineitem>
		<lineitem>
			<ID>
				<field>
					<name>ID</name>
					<table>orders</table>
				</field>
				<value>458188</value>
			</ID>
			<item>
				<field>
					<name>item</name>
					<table>orders</table>
				</field>
				<link>
					<name>id</name>
					<table>snapshot_items</table>
				</link>
				<value>249426</value>
			</item>
			<origid>
				<field>
					<name>orig_id</name>
					<table>snapshot_items</table>
				</field>
				<value>44073</value>
			</origid>
			<partno>
				<field>
					<name>partno</name>
					<table>snapshot_items</table>
				</field>
				<value>Plush (Matt: 90527.8050/Box: 50816.8100)</value>
			</partno>
			<description>
				<field>
					<name>description</name>
					<table>snapshot_items</table>
				</field>
				<value>King</value>
			</description>
			<price>
				<field>
					<name>price</name>
					<table>snapshot_items</table>
				</field>
				<value></value>
			</price>
			<size>
				<field>
					<name>size</name>
					<table>snapshot_items</table>
				</field>
				<value>6/6(needs 2 boxes)</value>
			</size>
			<color>
				<field>
					<name>color</name>
					<table>snapshot_items</table>
				</field>
				<value></value>
			</color>
			<itemset>
				<field>
					<name>set_</name>
					<table>snapshot_items</table>
				</field>
				<value>432</value>
			</itemset>
			<matt>
				<field>
					<name>matt</name>
					<table>snapshot_items</table>
				</field>
				<value>280</value>
			</matt>
			<box>
				<field>
					<name>matt</name>
					<table>snapshot_items</table>
				</field>
				<value>280</value>
			</box>
			<displayorder>
				<field>
					<name>display_order</name>
					<table>snapshot_items</table>
				</field>
				<value>4</value>
			</displayorder>
			<cubicft>
				<field>
					<name>cubic_ft</name>
					<table>snapshot_items</table>
				</field>
				<value>0</value>
			</cubicft>
			<qtyinset>
				<field>
					<name>setqty</name>
					<table>snapshot_items</table>
				</field>
				<value>3</value>
			</qtyinset>
			<setqty>
				<field>
					<name>setqty</name>
					<table>orders</table>
				</field>
				<value>1</value>
			</setqty>
			<mattqty>
				<field>
					<name>mattqty</name>
					<table>orders</table>
				</field>
				<value>0</value>
			</mattqty>
			<boxqty>
				<field>
					<name>qty</name>
					<table>orders</table>
				</field>
				<value>0</value>
			</boxqty>
			<orderdate>
				<field>
					<name>ordered</name>
					<table>orders</table>
				</field>
				<value>2007-02-09</value>
			</orderdate>
			<ordertime>
				<field>
					<name>ordered_time</name>
					<table>orders</table>
				</field>
				<value>14:53:32</value>
			</ordertime>
		</lineitem>
	</itemgroup>
	<itemgroup>
		<ID>
			<field>
				<name>header</name>
				<table>snapshot_items</table>
			</field>
			<value>39093</value>
		</ID>
		<lineitem>
			<ID>
				<field>
					<name>ID</name>
					<table>orders</table>
				</field>
				<value>458189</value>
			</ID>
			<item>
				<field>
					<name>item</name>
					<table>orders</table>
				</field>
				<link>
					<name>id</name>
					<table>snapshot_items</table>
				</link>
				<value>249432</value>
			</item>
			<origid>
				<field>
					<name>orig_id</name>
					<table>snapshot_items</table>
				</field>
				<value>44078</value>
			</origid>
			<partno>
				<field>
					<name>partno</name>
					<table>snapshot_items</table>
				</field>
				<value>Beautyrest (Matt: 17527.7123/Box: 50100.4001)</value>
			</partno>
			<description>
				<field>
					<name>description</name>
					<table>snapshot_items</table>
				</field>
				<value>Queen</value>
			</description>
			<price>
				<field>
					<name>price</name>
					<table>snapshot_items</table>
				</field>
				<value></value>
			</price>
			<size>
				<field>
					<name>size</name>
					<table>snapshot_items</table>
				</field>
				<value>5/0</value>
			</size>
			<color>
				<field>
					<name>color</name>
					<table>snapshot_items</table>
				</field>
				<value></value>
			</color>
			<itemset>
				<field>
					<name>set_</name>
					<table>snapshot_items</table>
				</field>
				<value>450</value>
			</itemset>
			<matt>
				<field>
					<name>matt</name>
					<table>snapshot_items</table>
				</field>
				<value></value>
			</matt>
			<box>
				<field>
					<name>matt</name>
					<table>snapshot_items</table>
				</field>
				<value></value>
			</box>
			<displayorder>
				<field>
					<name>display_order</name>
					<table>snapshot_items</table>
				</field>
				<value>4</value>
			</displayorder>
			<cubicft>
				<field>
					<name>cubic_ft</name>
					<table>snapshot_items</table>
				</field>
				<value>0</value>
			</cubicft>
			<qtyinset>
				<field>
					<name>setqty</name>
					<table>snapshot_items</table>
				</field>
				<value>2</value>
			</qtyinset>
			<setqty>
				<field>
					<name>setqty</name>
					<table>orders</table>
				</field>
				<value>2</value>
			</setqty>
			<mattqty>
				<field>
					<name>mattqty</name>
					<table>orders</table>
				</field>
				<value>0</value>
			</mattqty>
			<boxqty>
				<field>
					<name>qty</name>
					<table>orders</table>
				</field>
				<value>0</value>
			</boxqty>
			<orderdate>
				<field>
					<name>ordered</name>
					<table>orders</table>
				</field>
				<value>2007-02-09</value>
			</orderdate>
			<ordertime>
				<field>
					<name>ordered_time</name>
					<table>orders</table>
				</field>
				<value>14:53:32</value>
			</ordertime>
		</lineitem>
		<lineitem>
			<ID>
				<field>
					<name>ID</name>
					<table>orders</table>
				</field>
				<value>458190</value>
			</ID>
			<item>
				<field>
					<name>item</name>
					<table>orders</table>
				</field>
				<link>
					<name>id</name>
					<table>snapshot_items</table>
				</link>
				<value>249433</value>
			</item>
			<origid>
				<field>
					<name>orig_id</name>
					<table>snapshot_items</table>
				</field>
				<value>44079</value>
			</origid>
			<partno>
				<field>
					<name>partno</name>
					<table>snapshot_items</table>
				</field>
				<value>Beautyrest (Matt: 17527.7123/Box: 50100.4001)</value>
			</partno>
			<description>
				<field>
					<name>description</name>
					<table>snapshot_items</table>
				</field>
				<value>King</value>
			</description>
			<price>
				<field>
					<name>price</name>
					<table>snapshot_items</table>
				</field>
				<value></value>
			</price>
			<size>
				<field>
					<name>size</name>
					<table>snapshot_items</table>
				</field>
				<value>6/6(needs 2 boxes)</value>
			</size>
			<color>
				<field>
					<name>color</name>
					<table>snapshot_items</table>
				</field>
				<value></value>
			</color>
			<itemset>
				<field>
					<name>set_</name>
					<table>snapshot_items</table>
				</field>
				<value>630</value>
			</itemset>
			<matt>
				<field>
					<name>matt</name>
					<table>snapshot_items</table>
				</field>
				<value></value>
			</matt>
			<box>
				<field>
					<name>matt</name>
					<table>snapshot_items</table>
				</field>
				<value></value>
			</box>
			<displayorder>
				<field>
					<name>display_order</name>
					<table>snapshot_items</table>
				</field>
				<value>5</value>
			</displayorder>
			<cubicft>
				<field>
					<name>cubic_ft</name>
					<table>snapshot_items</table>
				</field>
				<value>0</value>
			</cubicft>
			<qtyinset>
				<field>
					<name>setqty</name>
					<table>snapshot_items</table>
				</field>
				<value>3</value>
			</qtyinset>
			<setqty>
				<field>
					<name>setqty</name>
					<table>orders</table>
				</field>
				<value>1</value>
			</setqty>
			<mattqty>
				<field>
					<name>mattqty</name>
					<table>orders</table>
				</field>
				<value>0</value>
			</mattqty>
			<boxqty>
				<field>
					<name>qty</name>
					<table>orders</table>
				</field>
				<value>0</value>
			</boxqty>
			<orderdate>
				<field>
					<name>ordered</name>
					<table>orders</table>
				</field>
				<value>2007-02-09</value>
			</orderdate>
			<ordertime>
				<field>
					<name>ordered_time</name>
					<table>orders</table>
				</field>
				<value>14:53:32</value>
			</ordertime>
		</lineitem>
	</itemgroup>
</po>