<?xml version="1.0" ?>
<!DOCTYPE po SYSTEM "http://www.pmddealer.com/xml/po.dtd">
<po>
	<ID>
		<field>
			<name>ID</name>
			<table>order_forms</table>
		</field>
		<value>113016</value>
	</ID>
	<orderdatetime>
		<field>
			<name>ordered</name>
			<table>order_forms</table>
		</field>
		<value>2007-02-11 23:39:00</value>
	</orderdatetime>
	<processed>
		<field>
			<name>processed</name>
			<table>order_forms</table>
		</field>
		<value>Y</value>
	</processed>
	<processdatetime>
		<field>
			<name>process_time</name>
			<table>order_forms</table>
		</field>
		<value>2007-02-12 07:57:20</value>
	</processdatetime>
	<form>
		<field>
			<name>form</name>
			<table>order_forms</table>
		</field>
		<value>273</value>
	</form>
	<user>
		<field>
			<name>user</name>
			<table>order_forms</table>
		</field>
		<value>367</value>
	</user>
	<comments>
		<field>
			<name>comments</name>
			<table>order_forms</table>
		</field>
		<value>Confirm Delivery  and date.

Driver must call 2 hours before delivery.

John Yeip (423)972-5512</value>
	</comments>
	<freightpercentage>
		<field>
			<name>freight_percentage</name>
			<table>order_forms</table>
		</field>
		<value>0</value>
	</freightpercentage>
	<discountpercentage>
		<field>
			<name>discount_percentage</name>
			<table>order_forms</table>
		</field>
		<value>0</value>
	</discountpercentage>
	<total>
		<field>
			<name>total</name>
			<table>order_forms</table>
		</field>
		<value>2330.00</value>
	</total>
	<type>
		<field>
			<name>type</name>
			<table>order_forms</table>
		</field>
		<value>o</value>
	</type>
	<deleted>
		<field>
			<name>deleted</name>
			<table>order_forms</table>
		</field>
		<value>0</value>
	</deleted>
	<emaildate>
		<field>
			<name>email_vendor</name>
			<table>order_forms</table>
		</field>
		<value>2007-02-12</value>
	</emaildate>
	<dealeraddressnumber>
		<field>
			<name>user_address</name>
			<table>order_forms</table>
		</field>
		<value>1</value>
	</dealeraddressnumber>
	<vendor>
		<ID>
			<field>
				<name>id</name>
				<table>snapshot_forms</table>
			</field>
			<link>
				<name>snapshot_form</name>
				<table>order_forms</table>
			</link>
			<value>1578</value>
		</ID>
		<origid>
			<field>
				<name>orig_id</name>
				<table>snapshot_forms</table>
			</field>
			<value>273</value>
		</origid>
		<origvendor>
			<field>
				<name>orig_vendor</name>
				<table>snapshot_forms</table>
			</field>
			<value>277</value>
		</origvendor>
		<vendorname>
			<field>
				<name>name</name>
				<table>snapshot_forms</table>
			</field>
			<value>Corsicana 2006 New Product</value>
		</vendorname>
		<address1>
			<field>
				<name>address</name>
				<table>snapshot_forms</table>
			</field>
			<value>P.O. Box 1050</value>
		</address1>
		<address2>
			<field>
				<name></name>
				<table></table>
			</field>
			<value></value>
		</address2>
		<city>
			<field>
				<name>city</name>
				<table>snapshot_forms</table>
			</field>
			<value>Corsicana</value>
		</city>
		<st>
			<field>
				<name>state</name>
				<table>snapshot_forms</table>
			</field>
			<value>TX</value>
		</st>
		<zip>
			<field>
				<name>zip</name>
				<table>snapshot_forms</table>
			</field>
			<value>75151</value>
		</zip>
		<phone>
			<field>
				<name>phone</name>
				<table>snapshot_forms</table>
			</field>
			<value>800-323-4349</value>
		</phone>
		<fax>
			<field>
				<name>fax</name>
				<table>snapshot_forms</table>
			</field>
			<value>800-983-2663</value>
		</fax>
		<email>
			<field>
				<name>email</name>
				<table>snapshot_forms</table>
			</field>
			<value></value>
		</email>
		<email2>
			<field>
				<name>email2</name>
				<table>snapshot_forms</table>
			</field>
			<value></value>
		</email2>
		<freightprepaid>
			<field>
				<name>prepaidfreight</name>
				<table>snapshot_forms</table>
			</field>
			<value>Y</value>
		</freightprepaid>
		<discount>
			<field>
				<name>discount</name>
				<table>snapshot_forms</table>
			</field>
			<value>0</value>
		</discount>
	</vendor>
	<dealer>
		<ID>
			<field>
				<name>id</name>
				<table>snapshot_users</table>
			</field>
			<link>
				<name>snapshot_user</name>
				<table>order_forms</table>
			</link>
			<value>998</value>
		</ID>
		<origid>
			<field>
				<name>orig_id</name>
				<table>snapshot_users</table>
			</field>
			<value>367</value>
		</origid>
		<dealerfirstname>
			<field>
				<name>first_name</name>
				<table>snapshot_users</table>
			</field>
			<value>PMD - Johnson City, TN (D)</value>
		</dealerfirstname>
		<dealerlastname>
			<field>
				<name>last_name</name>
				<table>snapshot_users</table>
			</field>
			<value>Yeip, John</value>
		</dealerlastname>
		<address1>
			<field>
				<name>address</name>
				<table>snapshot_users</table>
			</field>
			<value>2203 McKinley Road</value>
		</address1>
		<address2>
			<field>
				<name></name>
				<table></table>
			</field>
			<value></value>
		</address2>
		<city>
			<field>
				<name>city</name>
				<table>snapshot_users</table>
			</field>
			<value>Johnson City</value>
		</city>
		<st>
			<field>
				<name>state</name>
				<table>snapshot_users</table>
			</field>
			<value>TN</value>
		</st>
		<zip>
			<field>
				<name>zip</name>
				<table>snapshot_users</table>
			</field>
			<value>37604</value>
		</zip>
		<phone>
			<field>
				<name>phone</name>
				<table>snapshot_users</table>
			</field>
			<value>423-552-1533</value>
		</phone>
		<fax>
			<field>
				<name>fax</name>
				<table>snapshot_users</table>
			</field>
			<value></value>
		</fax>
		<secondary>
			<field>
				<name>secondary</name>
				<table>snapshot_users</table>
			</field>
			<value>N</value>
		</secondary>
	</dealer>
	<itemgroup>
		<ID>
			<field>
				<name>header</name>
				<table>snapshot_items</table>
			</field>
			<value>23821</value>
		</ID>
		<lineitem>
			<ID>
				<field>
					<name>ID</name>
					<table>orders</table>
				</field>
				<value>458630</value>
			</ID>
			<item>
				<field>
					<name>item</name>
					<table>orders</table>
				</field>
				<link>
					<name>id</name>
					<table>snapshot_items</table>
				</link>
				<value>166947</value>
			</item>
			<origid>
				<field>
					<name>orig_id</name>
					<table>snapshot_items</table>
				</field>
				<value>20460</value>
			</origid>
			<partno>
				<field>
					<name>partno</name>
					<table>snapshot_items</table>
				</field>
				<value>Crazy Quilt</value>
			</partno>
			<description>
				<field>
					<name>description</name>
					<table>snapshot_items</table>
				</field>
				<value>Full Set</value>
			</description>
			<price>
				<field>
					<name>price</name>
					<table>snapshot_items</table>
				</field>
				<value></value>
			</price>
			<size>
				<field>
					<name>size</name>
					<table>snapshot_items</table>
				</field>
				<value>4/6</value>
			</size>
			<color>
				<field>
					<name>color</name>
					<table>snapshot_items</table>
				</field>
				<value></value>
			</color>
			<itemset>
				<field>
					<name>set_</name>
					<table>snapshot_items</table>
				</field>
				<value>104</value>
			</itemset>
			<matt>
				<field>
					<name>matt</name>
					<table>snapshot_items</table>
				</field>
				<value>104</value>
			</matt>
			<box>
				<field>
					<name>matt</name>
					<table>snapshot_items</table>
				</field>
				<value>104</value>
			</box>
			<displayorder>
				<field>
					<name>display_order</name>
					<table>snapshot_items</table>
				</field>
				<value>2</value>
			</displayorder>
			<cubicft>
				<field>
					<name>cubic_ft</name>
					<table>snapshot_items</table>
				</field>
				<value>0</value>
			</cubicft>
			<qtyinset>
				<field>
					<name>setqty</name>
					<table>snapshot_items</table>
				</field>
				<value>2</value>
			</qtyinset>
			<setqty>
				<field>
					<name>setqty</name>
					<table>orders</table>
				</field>
				<value>3</value>
			</setqty>
			<mattqty>
				<field>
					<name>mattqty</name>
					<table>orders</table>
				</field>
				<value>0</value>
			</mattqty>
			<boxqty>
				<field>
					<name>qty</name>
					<table>orders</table>
				</field>
				<value>0</value>
			</boxqty>
			<orderdate>
				<field>
					<name>ordered</name>
					<table>orders</table>
				</field>
				<value>2007-02-11</value>
			</orderdate>
			<ordertime>
				<field>
					<name>ordered_time</name>
					<table>orders</table>
				</field>
				<value>23:39:31</value>
			</ordertime>
		</lineitem>
		<lineitem>
			<ID>
				<field>
					<name>ID</name>
					<table>orders</table>
				</field>
				<value>458631</value>
			</ID>
			<item>
				<field>
					<name>item</name>
					<table>orders</table>
				</field>
				<link>
					<name>id</name>
					<table>snapshot_items</table>
				</link>
				<value>166946</value>
			</item>
			<origid>
				<field>
					<name>orig_id</name>
					<table>snapshot_items</table>
				</field>
				<value>20461</value>
			</origid>
			<partno>
				<field>
					<name>partno</name>
					<table>snapshot_items</table>
				</field>
				<value>Crazy Quilt</value>
			</partno>
			<description>
				<field>
					<name>description</name>
					<table>snapshot_items</table>
				</field>
				<value>Queen Set</value>
			</description>
			<price>
				<field>
					<name>price</name>
					<table>snapshot_items</table>
				</field>
				<value></value>
			</price>
			<size>
				<field>
					<name>size</name>
					<table>snapshot_items</table>
				</field>
				<value>5/0</value>
			</size>
			<color>
				<field>
					<name>color</name>
					<table>snapshot_items</table>
				</field>
				<value></value>
			</color>
			<itemset>
				<field>
					<name>set_</name>
					<table>snapshot_items</table>
				</field>
				<value>137</value>
			</itemset>
			<matt>
				<field>
					<name>matt</name>
					<table>snapshot_items</table>
				</field>
				<value>137</value>
			</matt>
			<box>
				<field>
					<name>matt</name>
					<table>snapshot_items</table>
				</field>
				<value>137</value>
			</box>
			<displayorder>
				<field>
					<name>display_order</name>
					<table>snapshot_items</table>
				</field>
				<value>3</value>
			</displayorder>
			<cubicft>
				<field>
					<name>cubic_ft</name>
					<table>snapshot_items</table>
				</field>
				<value>0</value>
			</cubicft>
			<qtyinset>
				<field>
					<name>setqty</name>
					<table>snapshot_items</table>
				</field>
				<value>2</value>
			</qtyinset>
			<setqty>
				<field>
					<name>setqty</name>
					<table>orders</table>
				</field>
				<value>3</value>
			</setqty>
			<mattqty>
				<field>
					<name>mattqty</name>
					<table>orders</table>
				</field>
				<value>0</value>
			</mattqty>
			<boxqty>
				<field>
					<name>qty</name>
					<table>orders</table>
				</field>
				<value>0</value>
			</boxqty>
			<orderdate>
				<field>
					<name>ordered</name>
					<table>orders</table>
				</field>
				<value>2007-02-11</value>
			</orderdate>
			<ordertime>
				<field>
					<name>ordered_time</name>
					<table>orders</table>
				</field>
				<value>23:39:31</value>
			</ordertime>
		</lineitem>
	</itemgroup>
	<itemgroup>
		<ID>
			<field>
				<name>header</name>
				<table>snapshot_items</table>
			</field>
			<value>23824</value>
		</ID>
		<lineitem>
			<ID>
				<field>
					<name>ID</name>
					<table>orders</table>
				</field>
				<value>458632</value>
			</ID>
			<item>
				<field>
					<name>item</name>
					<table>orders</table>
				</field>
				<link>
					<name>id</name>
					<table>snapshot_items</table>
				</link>
				<value>166964</value>
			</item>
			<origid>
				<field>
					<name>orig_id</name>
					<table>snapshot_items</table>
				</field>
				<value>20469</value>
			</origid>
			<partno>
				<field>
					<name>partno</name>
					<table>snapshot_items</table>
				</field>
				<value>STRATHMORE</value>
			</partno>
			<description>
				<field>
					<name>description</name>
					<table>snapshot_items</table>
				</field>
				<value>Full</value>
			</description>
			<price>
				<field>
					<name>price</name>
					<table>snapshot_items</table>
				</field>
				<value></value>
			</price>
			<size>
				<field>
					<name>size</name>
					<table>snapshot_items</table>
				</field>
				<value>4/6</value>
			</size>
			<color>
				<field>
					<name>color</name>
					<table>snapshot_items</table>
				</field>
				<value></value>
			</color>
			<itemset>
				<field>
					<name>set_</name>
					<table>snapshot_items</table>
				</field>
				<value>131</value>
			</itemset>
			<matt>
				<field>
					<name>matt</name>
					<table>snapshot_items</table>
				</field>
				<value>92</value>
			</matt>
			<box>
				<field>
					<name>matt</name>
					<table>snapshot_items</table>
				</field>
				<value>92</value>
			</box>
			<displayorder>
				<field>
					<name>display_order</name>
					<table>snapshot_items</table>
				</field>
				<value>2</value>
			</displayorder>
			<cubicft>
				<field>
					<name>cubic_ft</name>
					<table>snapshot_items</table>
				</field>
				<value>0</value>
			</cubicft>
			<qtyinset>
				<field>
					<name>setqty</name>
					<table>snapshot_items</table>
				</field>
				<value>2</value>
			</qtyinset>
			<setqty>
				<field>
					<name>setqty</name>
					<table>orders</table>
				</field>
				<value>1</value>
			</setqty>
			<mattqty>
				<field>
					<name>mattqty</name>
					<table>orders</table>
				</field>
				<value>0</value>
			</mattqty>
			<boxqty>
				<field>
					<name>qty</name>
					<table>orders</table>
				</field>
				<value>0</value>
			</boxqty>
			<orderdate>
				<field>
					<name>ordered</name>
					<table>orders</table>
				</field>
				<value>2007-02-11</value>
			</orderdate>
			<ordertime>
				<field>
					<name>ordered_time</name>
					<table>orders</table>
				</field>
				<value>23:39:31</value>
			</ordertime>
		</lineitem>
		<lineitem>
			<ID>
				<field>
					<name>ID</name>
					<table>orders</table>
				</field>
				<value>458633</value>
			</ID>
			<item>
				<field>
					<name>item</name>
					<table>orders</table>
				</field>
				<link>
					<name>id</name>
					<table>snapshot_items</table>
				</link>
				<value>166963</value>
			</item>
			<origid>
				<field>
					<name>orig_id</name>
					<table>snapshot_items</table>
				</field>
				<value>20470</value>
			</origid>
			<partno>
				<field>
					<name>partno</name>
					<table>snapshot_items</table>
				</field>
				<value>STRATHMORE</value>
			</partno>
			<description>
				<field>
					<name>description</name>
					<table>snapshot_items</table>
				</field>
				<value>Queen</value>
			</description>
			<price>
				<field>
					<name>price</name>
					<table>snapshot_items</table>
				</field>
				<value></value>
			</price>
			<size>
				<field>
					<name>size</name>
					<table>snapshot_items</table>
				</field>
				<value>5/0</value>
			</size>
			<color>
				<field>
					<name>color</name>
					<table>snapshot_items</table>
				</field>
				<value></value>
			</color>
			<itemset>
				<field>
					<name>set_</name>
					<table>snapshot_items</table>
				</field>
				<value>152</value>
			</itemset>
			<matt>
				<field>
					<name>matt</name>
					<table>snapshot_items</table>
				</field>
				<value>105</value>
			</matt>
			<box>
				<field>
					<name>matt</name>
					<table>snapshot_items</table>
				</field>
				<value>105</value>
			</box>
			<displayorder>
				<field>
					<name>display_order</name>
					<table>snapshot_items</table>
				</field>
				<value>3</value>
			</displayorder>
			<cubicft>
				<field>
					<name>cubic_ft</name>
					<table>snapshot_items</table>
				</field>
				<value>0</value>
			</cubicft>
			<qtyinset>
				<field>
					<name>setqty</name>
					<table>snapshot_items</table>
				</field>
				<value>2</value>
			</qtyinset>
			<setqty>
				<field>
					<name>setqty</name>
					<table>orders</table>
				</field>
				<value>1</value>
			</setqty>
			<mattqty>
				<field>
					<name>mattqty</name>
					<table>orders</table>
				</field>
				<value>0</value>
			</mattqty>
			<boxqty>
				<field>
					<name>qty</name>
					<table>orders</table>
				</field>
				<value>0</value>
			</boxqty>
			<orderdate>
				<field>
					<name>ordered</name>
					<table>orders</table>
				</field>
				<value>2007-02-11</value>
			</orderdate>
			<ordertime>
				<field>
					<name>ordered_time</name>
					<table>orders</table>
				</field>
				<value>23:39:31</value>
			</ordertime>
		</lineitem>
	</itemgroup>
	<itemgroup>
		<ID>
			<field>
				<name>header</name>
				<table>snapshot_items</table>
			</field>
			<value>23826</value>
		</ID>
		<lineitem>
			<ID>
				<field>
					<name>ID</name>
					<table>orders</table>
				</field>
				<value>458638</value>
			</ID>
			<item>
				<field>
					<name>item</name>
					<table>orders</table>
				</field>
				<link>
					<name>id</name>
					<table>snapshot_items</table>
				</link>
				<value>166975</value>
			</item>
			<origid>
				<field>
					<name>orig_id</name>
					<table>snapshot_items</table>
				</field>
				<value>20480</value>
			</origid>
			<partno>
				<field>
					<name>partno</name>
					<table>snapshot_items</table>
				</field>
				<value>CONTINENT</value>
			</partno>
			<description>
				<field>
					<name>description</name>
					<table>snapshot_items</table>
				</field>
				<value>Full</value>
			</description>
			<price>
				<field>
					<name>price</name>
					<table>snapshot_items</table>
				</field>
				<value></value>
			</price>
			<size>
				<field>
					<name>size</name>
					<table>snapshot_items</table>
				</field>
				<value>4/6</value>
			</size>
			<color>
				<field>
					<name>color</name>
					<table>snapshot_items</table>
				</field>
				<value></value>
			</color>
			<itemset>
				<field>
					<name>set_</name>
					<table>snapshot_items</table>
				</field>
				<value>156</value>
			</itemset>
			<matt>
				<field>
					<name>matt</name>
					<table>snapshot_items</table>
				</field>
				<value>117</value>
			</matt>
			<box>
				<field>
					<name>matt</name>
					<table>snapshot_items</table>
				</field>
				<value>117</value>
			</box>
			<displayorder>
				<field>
					<name>display_order</name>
					<table>snapshot_items</table>
				</field>
				<value>2</value>
			</displayorder>
			<cubicft>
				<field>
					<name>cubic_ft</name>
					<table>snapshot_items</table>
				</field>
				<value>0</value>
			</cubicft>
			<qtyinset>
				<field>
					<name>setqty</name>
					<table>snapshot_items</table>
				</field>
				<value>2</value>
			</qtyinset>
			<setqty>
				<field>
					<name>setqty</name>
					<table>orders</table>
				</field>
				<value>1</value>
			</setqty>
			<mattqty>
				<field>
					<name>mattqty</name>
					<table>orders</table>
				</field>
				<value>0</value>
			</mattqty>
			<boxqty>
				<field>
					<name>qty</name>
					<table>orders</table>
				</field>
				<value>0</value>
			</boxqty>
			<orderdate>
				<field>
					<name>ordered</name>
					<table>orders</table>
				</field>
				<value>2007-02-11</value>
			</orderdate>
			<ordertime>
				<field>
					<name>ordered_time</name>
					<table>orders</table>
				</field>
				<value>23:39:31</value>
			</ordertime>
		</lineitem>
	</itemgroup>
	<itemgroup>
		<ID>
			<field>
				<name>header</name>
				<table>snapshot_items</table>
			</field>
			<value>23827</value>
		</ID>
		<lineitem>
			<ID>
				<field>
					<name>ID</name>
					<table>orders</table>
				</field>
				<value>458635</value>
			</ID>
			<item>
				<field>
					<name>item</name>
					<table>orders</table>
				</field>
				<link>
					<name>id</name>
					<table>snapshot_items</table>
				</link>
				<value>166978</value>
			</item>
			<origid>
				<field>
					<name>orig_id</name>
					<table>snapshot_items</table>
				</field>
				<value>20487</value>
			</origid>
			<partno>
				<field>
					<name>partno</name>
					<table>snapshot_items</table>
				</field>
				<value>WINSLOW PILL TOP</value>
			</partno>
			<description>
				<field>
					<name>description</name>
					<table>snapshot_items</table>
				</field>
				<value>Full</value>
			</description>
			<price>
				<field>
					<name>price</name>
					<table>snapshot_items</table>
				</field>
				<value></value>
			</price>
			<size>
				<field>
					<name>size</name>
					<table>snapshot_items</table>
				</field>
				<value>4/6</value>
			</size>
			<color>
				<field>
					<name>color</name>
					<table>snapshot_items</table>
				</field>
				<value></value>
			</color>
			<itemset>
				<field>
					<name>set_</name>
					<table>snapshot_items</table>
				</field>
				<value>151</value>
			</itemset>
			<matt>
				<field>
					<name>matt</name>
					<table>snapshot_items</table>
				</field>
				<value>112</value>
			</matt>
			<box>
				<field>
					<name>matt</name>
					<table>snapshot_items</table>
				</field>
				<value>112</value>
			</box>
			<displayorder>
				<field>
					<name>display_order</name>
					<table>snapshot_items</table>
				</field>
				<value>2</value>
			</displayorder>
			<cubicft>
				<field>
					<name>cubic_ft</name>
					<table>snapshot_items</table>
				</field>
				<value>0</value>
			</cubicft>
			<qtyinset>
				<field>
					<name>setqty</name>
					<table>snapshot_items</table>
				</field>
				<value>2</value>
			</qtyinset>
			<setqty>
				<field>
					<name>setqty</name>
					<table>orders</table>
				</field>
				<value>0</value>
			</setqty>
			<mattqty>
				<field>
					<name>mattqty</name>
					<table>orders</table>
				</field>
				<value>3</value>
			</mattqty>
			<boxqty>
				<field>
					<name>qty</name>
					<table>orders</table>
				</field>
				<value>0</value>
			</boxqty>
			<orderdate>
				<field>
					<name>ordered</name>
					<table>orders</table>
				</field>
				<value>2007-02-11</value>
			</orderdate>
			<ordertime>
				<field>
					<name>ordered_time</name>
					<table>orders</table>
				</field>
				<value>23:39:31</value>
			</ordertime>
		</lineitem>
		<lineitem>
			<ID>
				<field>
					<name>ID</name>
					<table>orders</table>
				</field>
				<value>458636</value>
			</ID>
			<item>
				<field>
					<name>item</name>
					<table>orders</table>
				</field>
				<link>
					<name>id</name>
					<table>snapshot_items</table>
				</link>
				<value>166977</value>
			</item>
			<origid>
				<field>
					<name>orig_id</name>
					<table>snapshot_items</table>
				</field>
				<value>20488</value>
			</origid>
			<partno>
				<field>
					<name>partno</name>
					<table>snapshot_items</table>
				</field>
				<value>WINSLOW PILL TOP</value>
			</partno>
			<description>
				<field>
					<name>description</name>
					<table>snapshot_items</table>
				</field>
				<value>King</value>
			</description>
			<price>
				<field>
					<name>price</name>
					<table>snapshot_items</table>
				</field>
				<value></value>
			</price>
			<size>
				<field>
					<name>size</name>
					<table>snapshot_items</table>
				</field>
				<value>6/6 (need 2 boxes)</value>
			</size>
			<color>
				<field>
					<name>color</name>
					<table>snapshot_items</table>
				</field>
				<value></value>
			</color>
			<itemset>
				<field>
					<name>set_</name>
					<table>snapshot_items</table>
				</field>
				<value>265</value>
			</itemset>
			<matt>
				<field>
					<name>matt</name>
					<table>snapshot_items</table>
				</field>
				<value>193</value>
			</matt>
			<box>
				<field>
					<name>matt</name>
					<table>snapshot_items</table>
				</field>
				<value>193</value>
			</box>
			<displayorder>
				<field>
					<name>display_order</name>
					<table>snapshot_items</table>
				</field>
				<value>6</value>
			</displayorder>
			<cubicft>
				<field>
					<name>cubic_ft</name>
					<table>snapshot_items</table>
				</field>
				<value>0</value>
			</cubicft>
			<qtyinset>
				<field>
					<name>setqty</name>
					<table>snapshot_items</table>
				</field>
				<value>3</value>
			</qtyinset>
			<setqty>
				<field>
					<name>setqty</name>
					<table>orders</table>
				</field>
				<value>1</value>
			</setqty>
			<mattqty>
				<field>
					<name>mattqty</name>
					<table>orders</table>
				</field>
				<value>0</value>
			</mattqty>
			<boxqty>
				<field>
					<name>qty</name>
					<table>orders</table>
				</field>
				<value>0</value>
			</boxqty>
			<orderdate>
				<field>
					<name>ordered</name>
					<table>orders</table>
				</field>
				<value>2007-02-11</value>
			</orderdate>
			<ordertime>
				<field>
					<name>ordered_time</name>
					<table>orders</table>
				</field>
				<value>23:39:31</value>
			</ordertime>
		</lineitem>
	</itemgroup>
	<itemgroup>
		<ID>
			<field>
				<name>header</name>
				<table>snapshot_items</table>
			</field>
			<value>23832</value>
		</ID>
		<lineitem>
			<ID>
				<field>
					<name>ID</name>
					<table>orders</table>
				</field>
				<value>458637</value>
			</ID>
			<item>
				<field>
					<name>item</name>
					<table>orders</table>
				</field>
				<link>
					<name>id</name>
					<table>snapshot_items</table>
				</link>
				<value>167010</value>
			</item>
			<origid>
				<field>
					<name>orig_id</name>
					<table>snapshot_items</table>
				</field>
				<value>20523</value>
			</origid>
			<partno>
				<field>
					<name>partno</name>
					<table>snapshot_items</table>
				</field>
				<value>Abby (visco foam)</value>
			</partno>
			<description>
				<field>
					<name>description</name>
					<table>snapshot_items</table>
				</field>
				<value>Queen</value>
			</description>
			<price>
				<field>
					<name>price</name>
					<table>snapshot_items</table>
				</field>
				<value>.00</value>
			</price>
			<size>
				<field>
					<name>size</name>
					<table>snapshot_items</table>
				</field>
				<value>5/0</value>
			</size>
			<color>
				<field>
					<name>color</name>
					<table>snapshot_items</table>
				</field>
				<value></value>
			</color>
			<itemset>
				<field>
					<name>set_</name>
					<table>snapshot_items</table>
				</field>
				<value>300</value>
			</itemset>
			<matt>
				<field>
					<name>matt</name>
					<table>snapshot_items</table>
				</field>
				<value>253</value>
			</matt>
			<box>
				<field>
					<name>matt</name>
					<table>snapshot_items</table>
				</field>
				<value>253</value>
			</box>
			<displayorder>
				<field>
					<name>display_order</name>
					<table>snapshot_items</table>
				</field>
				<value>3</value>
			</displayorder>
			<cubicft>
				<field>
					<name>cubic_ft</name>
					<table>snapshot_items</table>
				</field>
				<value>0</value>
			</cubicft>
			<qtyinset>
				<field>
					<name>setqty</name>
					<table>snapshot_items</table>
				</field>
				<value>2</value>
			</qtyinset>
			<setqty>
				<field>
					<name>setqty</name>
					<table>orders</table>
				</field>
				<value>1</value>
			</setqty>
			<mattqty>
				<field>
					<name>mattqty</name>
					<table>orders</table>
				</field>
				<value>0</value>
			</mattqty>
			<boxqty>
				<field>
					<name>qty</name>
					<table>orders</table>
				</field>
				<value>0</value>
			</boxqty>
			<orderdate>
				<field>
					<name>ordered</name>
					<table>orders</table>
				</field>
				<value>2007-02-11</value>
			</orderdate>
			<ordertime>
				<field>
					<name>ordered_time</name>
					<table>orders</table>
				</field>
				<value>23:39:31</value>
			</ordertime>
		</lineitem>
	</itemgroup>
	<itemgroup>
		<ID>
			<field>
				<name>header</name>
				<table>snapshot_items</table>
			</field>
			<value>23833</value>
		</ID>
		<lineitem>
			<ID>
				<field>
					<name>ID</name>
					<table>orders</table>
				</field>
				<value>458634</value>
			</ID>
			<item>
				<field>
					<name>item</name>
					<table>orders</table>
				</field>
				<link>
					<name>id</name>
					<table>snapshot_items</table>
				</link>
				<value>167014</value>
			</item>
			<origid>
				<field>
					<name>orig_id</name>
					<table>snapshot_items</table>
				</field>
				<value>20528</value>
			</origid>
			<partno>
				<field>
					<name>partno</name>
					<table>snapshot_items</table>
				</field>
				<value>Winslow (Firm)</value>
			</partno>
			<description>
				<field>
					<name>description</name>
					<table>snapshot_items</table>
				</field>
				<value>Full</value>
			</description>
			<price>
				<field>
					<name>price</name>
					<table>snapshot_items</table>
				</field>
				<value></value>
			</price>
			<size>
				<field>
					<name>size</name>
					<table>snapshot_items</table>
				</field>
				<value>4/6</value>
			</size>
			<color>
				<field>
					<name>color</name>
					<table>snapshot_items</table>
				</field>
				<value></value>
			</color>
			<itemset>
				<field>
					<name>set_</name>
					<table>snapshot_items</table>
				</field>
				<value>128</value>
			</itemset>
			<matt>
				<field>
					<name>matt</name>
					<table>snapshot_items</table>
				</field>
				<value>89</value>
			</matt>
			<box>
				<field>
					<name>matt</name>
					<table>snapshot_items</table>
				</field>
				<value>89</value>
			</box>
			<displayorder>
				<field>
					<name>display_order</name>
					<table>snapshot_items</table>
				</field>
				<value>2</value>
			</displayorder>
			<cubicft>
				<field>
					<name>cubic_ft</name>
					<table>snapshot_items</table>
				</field>
				<value>0</value>
			</cubicft>
			<qtyinset>
				<field>
					<name>setqty</name>
					<table>snapshot_items</table>
				</field>
				<value>2</value>
			</qtyinset>
			<setqty>
				<field>
					<name>setqty</name>
					<table>orders</table>
				</field>
				<value>0</value>
			</setqty>
			<mattqty>
				<field>
					<name>mattqty</name>
					<table>orders</table>
				</field>
				<value>3</value>
			</mattqty>
			<boxqty>
				<field>
					<name>qty</name>
					<table>orders</table>
				</field>
				<value>0</value>
			</boxqty>
			<orderdate>
				<field>
					<name>ordered</name>
					<table>orders</table>
				</field>
				<value>2007-02-11</value>
			</orderdate>
			<ordertime>
				<field>
					<name>ordered_time</name>
					<table>orders</table>
				</field>
				<value>23:39:31</value>
			</ordertime>
		</lineitem>
	</itemgroup>
</po>