<?xml version="1.0" ?>
<!DOCTYPE po SYSTEM "http://www.pmddealer.com/xml/po.dtd">
<po>
	<ID>
		<field>
			<name>ID</name>
			<table>order_forms</table>
		</field>
		<value>113427</value>
	</ID>
	<orderdatetime>
		<field>
			<name>ordered</name>
			<table>order_forms</table>
		</field>
		<value>2007-02-14 18:38:00</value>
	</orderdatetime>
	<processed>
		<field>
			<name>processed</name>
			<table>order_forms</table>
		</field>
		<value>Y</value>
	</processed>
	<processdatetime>
		<field>
			<name>process_time</name>
			<table>order_forms</table>
		</field>
		<value>2007-02-15 08:19:25</value>
	</processdatetime>
	<form>
		<field>
			<name>form</name>
			<table>order_forms</table>
		</field>
		<value>318</value>
	</form>
	<user>
		<field>
			<name>user</name>
			<table>order_forms</table>
		</field>
		<value>89</value>
	</user>
	<comments>
		<field>
			<name>comments</name>
			<table>order_forms</table>
		</field>
		<value>bu</value>
	</comments>
	<freightpercentage>
		<field>
			<name>freight_percentage</name>
			<table>order_forms</table>
		</field>
		<value>0</value>
	</freightpercentage>
	<discountpercentage>
		<field>
			<name>discount_percentage</name>
			<table>order_forms</table>
		</field>
		<value>0</value>
	</discountpercentage>
	<total>
		<field>
			<name>total</name>
			<table>order_forms</table>
		</field>
		<value>626.00</value>
	</total>
	<type>
		<field>
			<name>type</name>
			<table>order_forms</table>
		</field>
		<value>o</value>
	</type>
	<deleted>
		<field>
			<name>deleted</name>
			<table>order_forms</table>
		</field>
		<value>0</value>
	</deleted>
	<emaildate>
		<field>
			<name>email_vendor</name>
			<table>order_forms</table>
		</field>
		<value>2007-02-15</value>
	</emaildate>
	<dealeraddressnumber>
		<field>
			<name>user_address</name>
			<table>order_forms</table>
		</field>
		<value>1</value>
	</dealeraddressnumber>
	<vendor>
		<ID>
			<field>
				<name>id</name>
				<table>snapshot_forms</table>
			</field>
			<link>
				<name>snapshot_form</name>
				<table>order_forms</table>
			</link>
			<value>1609</value>
		</ID>
		<origid>
			<field>
				<name>orig_id</name>
				<table>snapshot_forms</table>
			</field>
			<value>318</value>
		</origid>
		<origvendor>
			<field>
				<name>orig_vendor</name>
				<table>snapshot_forms</table>
			</field>
			<value>319</value>
		</origvendor>
		<vendorname>
			<field>
				<name>name</name>
				<table>snapshot_forms</table>
			</field>
			<value>Leggett & Platt Bedframes 2006</value>
		</vendorname>
		<address1>
			<field>
				<name>address</name>
				<table>snapshot_forms</table>
			</field>
			<value>12352 E Whittier Blvd</value>
		</address1>
		<address2>
			<field>
				<name></name>
				<table></table>
			</field>
			<value></value>
		</address2>
		<city>
			<field>
				<name>city</name>
				<table>snapshot_forms</table>
			</field>
			<value>Whittier</value>
		</city>
		<st>
			<field>
				<name>state</name>
				<table>snapshot_forms</table>
			</field>
			<value>CA</value>
		</st>
		<zip>
			<field>
				<name>zip</name>
				<table>snapshot_forms</table>
			</field>
			<value>90602</value>
		</zip>
		<phone>
			<field>
				<name>phone</name>
				<table>snapshot_forms</table>
			</field>
			<value>800-876-2641</value>
		</phone>
		<fax>
			<field>
				<name>fax</name>
				<table>snapshot_forms</table>
			</field>
			<value>800-266-0603</value>
		</fax>
		<email>
			<field>
				<name>email</name>
				<table>snapshot_forms</table>
			</field>
			<value></value>
		</email>
		<email2>
			<field>
				<name>email2</name>
				<table>snapshot_forms</table>
			</field>
			<value></value>
		</email2>
		<freightprepaid>
			<field>
				<name>prepaidfreight</name>
				<table>snapshot_forms</table>
			</field>
			<value>Y</value>
		</freightprepaid>
		<discount>
			<field>
				<name>discount</name>
				<table>snapshot_forms</table>
			</field>
			<value>0</value>
		</discount>
	</vendor>
	<dealer>
		<ID>
			<field>
				<name>id</name>
				<table>snapshot_users</table>
			</field>
			<link>
				<name>snapshot_user</name>
				<table>order_forms</table>
			</link>
			<value>681</value>
		</ID>
		<origid>
			<field>
				<name>orig_id</name>
				<table>snapshot_users</table>
			</field>
			<value>89</value>
		</origid>
		<dealerfirstname>
			<field>
				<name>first_name</name>
				<table>snapshot_users</table>
			</field>
			<value>PMD - Anaheim, CA (A)</value>
		</dealerfirstname>
		<dealerlastname>
			<field>
				<name>last_name</name>
				<table>snapshot_users</table>
			</field>
			<value>Wheeler, Brett</value>
		</dealerlastname>
		<address1>
			<field>
				<name>address</name>
				<table>snapshot_users</table>
			</field>
			<value>1550 S Anaheim Blvd. Suite A</value>
		</address1>
		<address2>
			<field>
				<name></name>
				<table></table>
			</field>
			<value></value>
		</address2>
		<city>
			<field>
				<name>city</name>
				<table>snapshot_users</table>
			</field>
			<value>Anaheim</value>
		</city>
		<st>
			<field>
				<name>state</name>
				<table>snapshot_users</table>
			</field>
			<value>CA</value>
		</st>
		<zip>
			<field>
				<name>zip</name>
				<table>snapshot_users</table>
			</field>
			<value>92805</value>
		</zip>
		<phone>
			<field>
				<name>phone</name>
				<table>snapshot_users</table>
			</field>
			<value>714-609-6990</value>
		</phone>
		<fax>
			<field>
				<name>fax</name>
				<table>snapshot_users</table>
			</field>
			<value></value>
		</fax>
		<secondary>
			<field>
				<name>secondary</name>
				<table>snapshot_users</table>
			</field>
			<value>N</value>
		</secondary>
	</dealer>
	<itemgroup>
		<ID>
			<field>
				<name>header</name>
				<table>snapshot_items</table>
			</field>
			<value>24158</value>
		</ID>
		<lineitem>
			<ID>
				<field>
					<name>ID</name>
					<table>orders</table>
				</field>
				<value>460446</value>
			</ID>
			<item>
				<field>
					<name>item</name>
					<table>orders</table>
				</field>
				<link>
					<name>id</name>
					<table>snapshot_items</table>
				</link>
				<value>168832</value>
			</item>
			<origid>
				<field>
					<name>orig_id</name>
					<table>snapshot_items</table>
				</field>
				<value>23284</value>
			</origid>
			<partno>
				<field>
					<name>partno</name>
					<table>snapshot_items</table>
				</field>
				<value>79C</value>
			</partno>
			<description>
				<field>
					<name>description</name>
					<table>snapshot_items</table>
				</field>
				<value>Promotional Twin/Full bed frame - 1 1/4&quot; thick, small casters</value>
			</description>
			<price>
				<field>
					<name>price</name>
					<table>snapshot_items</table>
				</field>
				<value>18</value>
			</price>
			<size>
				<field>
					<name>size</name>
					<table>snapshot_items</table>
				</field>
				<value></value>
			</size>
			<color>
				<field>
					<name>color</name>
					<table>snapshot_items</table>
				</field>
				<value></value>
			</color>
			<itemset>
				<field>
					<name>set_</name>
					<table>snapshot_items</table>
				</field>
				<value></value>
			</itemset>
			<matt>
				<field>
					<name>matt</name>
					<table>snapshot_items</table>
				</field>
				<value></value>
			</matt>
			<box>
				<field>
					<name>matt</name>
					<table>snapshot_items</table>
				</field>
				<value></value>
			</box>
			<displayorder>
				<field>
					<name>display_order</name>
					<table>snapshot_items</table>
				</field>
				<value>1</value>
			</displayorder>
			<cubicft>
				<field>
					<name>cubic_ft</name>
					<table>snapshot_items</table>
				</field>
				<value>0</value>
			</cubicft>
			<qtyinset>
				<field>
					<name>setqty</name>
					<table>snapshot_items</table>
				</field>
				<value>2</value>
			</qtyinset>
			<setqty>
				<field>
					<name>setqty</name>
					<table>orders</table>
				</field>
				<value>0</value>
			</setqty>
			<mattqty>
				<field>
					<name>mattqty</name>
					<table>orders</table>
				</field>
				<value>0</value>
			</mattqty>
			<boxqty>
				<field>
					<name>qty</name>
					<table>orders</table>
				</field>
				<value>7</value>
			</boxqty>
			<orderdate>
				<field>
					<name>ordered</name>
					<table>orders</table>
				</field>
				<value>2007-02-14</value>
			</orderdate>
			<ordertime>
				<field>
					<name>ordered_time</name>
					<table>orders</table>
				</field>
				<value>18:38:18</value>
			</ordertime>
		</lineitem>
		<lineitem>
			<ID>
				<field>
					<name>ID</name>
					<table>orders</table>
				</field>
				<value>460447</value>
			</ID>
			<item>
				<field>
					<name>item</name>
					<table>orders</table>
				</field>
				<link>
					<name>id</name>
					<table>snapshot_items</table>
				</link>
				<value>168829</value>
			</item>
			<origid>
				<field>
					<name>orig_id</name>
					<table>snapshot_items</table>
				</field>
				<value>23281</value>
			</origid>
			<partno>
				<field>
					<name>partno</name>
					<table>snapshot_items</table>
				</field>
				<value>45R</value>
			</partno>
			<description>
				<field>
					<name>description</name>
					<table>snapshot_items</table>
				</field>
				<value>Twin-Full-Queen Frame (no center support - compare to Mantua 412)</value>
			</description>
			<price>
				<field>
					<name>price</name>
					<table>snapshot_items</table>
				</field>
				<value>22</value>
			</price>
			<size>
				<field>
					<name>size</name>
					<table>snapshot_items</table>
				</field>
				<value></value>
			</size>
			<color>
				<field>
					<name>color</name>
					<table>snapshot_items</table>
				</field>
				<value></value>
			</color>
			<itemset>
				<field>
					<name>set_</name>
					<table>snapshot_items</table>
				</field>
				<value></value>
			</itemset>
			<matt>
				<field>
					<name>matt</name>
					<table>snapshot_items</table>
				</field>
				<value></value>
			</matt>
			<box>
				<field>
					<name>matt</name>
					<table>snapshot_items</table>
				</field>
				<value></value>
			</box>
			<displayorder>
				<field>
					<name>display_order</name>
					<table>snapshot_items</table>
				</field>
				<value>2</value>
			</displayorder>
			<cubicft>
				<field>
					<name>cubic_ft</name>
					<table>snapshot_items</table>
				</field>
				<value>0</value>
			</cubicft>
			<qtyinset>
				<field>
					<name>setqty</name>
					<table>snapshot_items</table>
				</field>
				<value>2</value>
			</qtyinset>
			<setqty>
				<field>
					<name>setqty</name>
					<table>orders</table>
				</field>
				<value>0</value>
			</setqty>
			<mattqty>
				<field>
					<name>mattqty</name>
					<table>orders</table>
				</field>
				<value>0</value>
			</mattqty>
			<boxqty>
				<field>
					<name>qty</name>
					<table>orders</table>
				</field>
				<value>14</value>
			</boxqty>
			<orderdate>
				<field>
					<name>ordered</name>
					<table>orders</table>
				</field>
				<value>2007-02-14</value>
			</orderdate>
			<ordertime>
				<field>
					<name>ordered_time</name>
					<table>orders</table>
				</field>
				<value>18:38:18</value>
			</ordertime>
		</lineitem>
		<lineitem>
			<ID>
				<field>
					<name>ID</name>
					<table>orders</table>
				</field>
				<value>460448</value>
			</ID>
			<item>
				<field>
					<name>item</name>
					<table>orders</table>
				</field>
				<link>
					<name>id</name>
					<table>snapshot_items</table>
				</link>
				<value>168830</value>
			</item>
			<origid>
				<field>
					<name>orig_id</name>
					<table>snapshot_items</table>
				</field>
				<value>23282</value>
			</origid>
			<partno>
				<field>
					<name>partno</name>
					<table>snapshot_items</table>
				</field>
				<value>K45R</value>
			</partno>
			<description>
				<field>
					<name>description</name>
					<table>snapshot_items</table>
				</field>
				<value>Deluxe King/Cal King/Queen bed frame 1 1/2</value>
			</description>
			<price>
				<field>
					<name>price</name>
					<table>snapshot_items</table>
				</field>
				<value>32</value>
			</price>
			<size>
				<field>
					<name>size</name>
					<table>snapshot_items</table>
				</field>
				<value></value>
			</size>
			<color>
				<field>
					<name>color</name>
					<table>snapshot_items</table>
				</field>
				<value></value>
			</color>
			<itemset>
				<field>
					<name>set_</name>
					<table>snapshot_items</table>
				</field>
				<value></value>
			</itemset>
			<matt>
				<field>
					<name>matt</name>
					<table>snapshot_items</table>
				</field>
				<value></value>
			</matt>
			<box>
				<field>
					<name>matt</name>
					<table>snapshot_items</table>
				</field>
				<value></value>
			</box>
			<displayorder>
				<field>
					<name>display_order</name>
					<table>snapshot_items</table>
				</field>
				<value>4</value>
			</displayorder>
			<cubicft>
				<field>
					<name>cubic_ft</name>
					<table>snapshot_items</table>
				</field>
				<value>0</value>
			</cubicft>
			<qtyinset>
				<field>
					<name>setqty</name>
					<table>snapshot_items</table>
				</field>
				<value>2</value>
			</qtyinset>
			<setqty>
				<field>
					<name>setqty</name>
					<table>orders</table>
				</field>
				<value>0</value>
			</setqty>
			<mattqty>
				<field>
					<name>mattqty</name>
					<table>orders</table>
				</field>
				<value>0</value>
			</mattqty>
			<boxqty>
				<field>
					<name>qty</name>
					<table>orders</table>
				</field>
				<value>6</value>
			</boxqty>
			<orderdate>
				<field>
					<name>ordered</name>
					<table>orders</table>
				</field>
				<value>2007-02-14</value>
			</orderdate>
			<ordertime>
				<field>
					<name>ordered_time</name>
					<table>orders</table>
				</field>
				<value>18:38:18</value>
			</ordertime>
		</lineitem>
	</itemgroup>
</po>