<?xml version="1.0" ?>
<!DOCTYPE po SYSTEM "http://www.pmddealer.com/xml/po.dtd">
<po>
	<ID>
		<field>
			<name>ID</name>
			<table>order_forms</table>
		</field>
		<value>113003</value>
	</ID>
	<orderdatetime>
		<field>
			<name>ordered</name>
			<table>order_forms</table>
		</field>
		<value>2007-02-11 17:49:00</value>
	</orderdatetime>
	<processed>
		<field>
			<name>processed</name>
			<table>order_forms</table>
		</field>
		<value>Y</value>
	</processed>
	<processdatetime>
		<field>
			<name>process_time</name>
			<table>order_forms</table>
		</field>
		<value>2007-02-12 07:57:02</value>
	</processdatetime>
	<form>
		<field>
			<name>form</name>
			<table>order_forms</table>
		</field>
		<value>369</value>
	</form>
	<user>
		<field>
			<name>user</name>
			<table>order_forms</table>
		</field>
		<value>91</value>
	</user>
	<comments>
		<field>
			<name>comments</name>
			<table>order_forms</table>
		</field>
		<value></value>
	</comments>
	<freightpercentage>
		<field>
			<name>freight_percentage</name>
			<table>order_forms</table>
		</field>
		<value>0</value>
	</freightpercentage>
	<discountpercentage>
		<field>
			<name>discount_percentage</name>
			<table>order_forms</table>
		</field>
		<value>0</value>
	</discountpercentage>
	<total>
		<field>
			<name>total</name>
			<table>order_forms</table>
		</field>
		<value>339.00</value>
	</total>
	<type>
		<field>
			<name>type</name>
			<table>order_forms</table>
		</field>
		<value>o</value>
	</type>
	<deleted>
		<field>
			<name>deleted</name>
			<table>order_forms</table>
		</field>
		<value>0</value>
	</deleted>
	<emaildate>
		<field>
			<name>email_vendor</name>
			<table>order_forms</table>
		</field>
		<value>2007-02-12</value>
	</emaildate>
	<dealeraddressnumber>
		<field>
			<name>user_address</name>
			<table>order_forms</table>
		</field>
		<value>1</value>
	</dealeraddressnumber>
	<vendor>
		<ID>
			<field>
				<name>id</name>
				<table>snapshot_forms</table>
			</field>
			<link>
				<name>snapshot_form</name>
				<table>order_forms</table>
			</link>
			<value>1994</value>
		</ID>
		<origid>
			<field>
				<name>orig_id</name>
				<table>snapshot_forms</table>
			</field>
			<value>369</value>
		</origid>
		<origvendor>
			<field>
				<name>orig_vendor</name>
				<table>snapshot_forms</table>
			</field>
			<value>353</value>
		</origvendor>
		<vendorname>
			<field>
				<name>name</name>
				<table>snapshot_forms</table>
			</field>
			<value>Guardsman 2007 New Product (Faxed)</value>
		</vendorname>
		<address1>
			<field>
				<name>address</name>
				<table>snapshot_forms</table>
			</field>
			<value>P.O. Box 88010</value>
		</address1>
		<address2>
			<field>
				<name></name>
				<table></table>
			</field>
			<value></value>
		</address2>
		<city>
			<field>
				<name>city</name>
				<table>snapshot_forms</table>
			</field>
			<value>Grand Rapids</value>
		</city>
		<st>
			<field>
				<name>state</name>
				<table>snapshot_forms</table>
			</field>
			<value>MI</value>
		</st>
		<zip>
			<field>
				<name>zip</name>
				<table>snapshot_forms</table>
			</field>
			<value>49518</value>
		</zip>
		<phone>
			<field>
				<name>phone</name>
				<table>snapshot_forms</table>
			</field>
			<value>614-235-5874</value>
		</phone>
		<fax>
			<field>
				<name>fax</name>
				<table>snapshot_forms</table>
			</field>
			<value>614-235-2063</value>
		</fax>
		<email>
			<field>
				<name>email</name>
				<table>snapshot_forms</table>
			</field>
			<value></value>
		</email>
		<email2>
			<field>
				<name>email2</name>
				<table>snapshot_forms</table>
			</field>
			<value></value>
		</email2>
		<freightprepaid>
			<field>
				<name>prepaidfreight</name>
				<table>snapshot_forms</table>
			</field>
			<value></value>
		</freightprepaid>
		<discount>
			<field>
				<name>discount</name>
				<table>snapshot_forms</table>
			</field>
			<value>0</value>
		</discount>
	</vendor>
	<dealer>
		<ID>
			<field>
				<name>id</name>
				<table>snapshot_users</table>
			</field>
			<link>
				<name>snapshot_user</name>
				<table>order_forms</table>
			</link>
			<value>1032</value>
		</ID>
		<origid>
			<field>
				<name>orig_id</name>
				<table>snapshot_users</table>
			</field>
			<value>91</value>
		</origid>
		<dealerfirstname>
			<field>
				<name>first_name</name>
				<table>snapshot_users</table>
			</field>
			<value>PMD - Landover, MD (C)</value>
		</dealerfirstname>
		<dealerlastname>
			<field>
				<name>last_name</name>
				<table>snapshot_users</table>
			</field>
			<value>Wilson, Theron</value>
		</dealerlastname>
		<address1>
			<field>
				<name>address</name>
				<table>snapshot_users</table>
			</field>
			<value>3361 75th Avenue, Unit U</value>
		</address1>
		<address2>
			<field>
				<name></name>
				<table></table>
			</field>
			<value></value>
		</address2>
		<city>
			<field>
				<name>city</name>
				<table>snapshot_users</table>
			</field>
			<value>Landover</value>
		</city>
		<st>
			<field>
				<name>state</name>
				<table>snapshot_users</table>
			</field>
			<value>MD</value>
		</st>
		<zip>
			<field>
				<name>zip</name>
				<table>snapshot_users</table>
			</field>
			<value>20785</value>
		</zip>
		<phone>
			<field>
				<name>phone</name>
				<table>snapshot_users</table>
			</field>
			<value>240-372-6691 LAND</value>
		</phone>
		<fax>
			<field>
				<name>fax</name>
				<table>snapshot_users</table>
			</field>
			<value>703-772-2740 IJAM</value>
		</fax>
		<secondary>
			<field>
				<name>secondary</name>
				<table>snapshot_users</table>
			</field>
			<value>N</value>
		</secondary>
	</dealer>
	<itemgroup>
		<ID>
			<field>
				<name>header</name>
				<table>snapshot_items</table>
			</field>
			<value>31352</value>
		</ID>
		<lineitem>
			<ID>
				<field>
					<name>ID</name>
					<table>orders</table>
				</field>
				<value>458507</value>
			</ID>
			<item>
				<field>
					<name>item</name>
					<table>orders</table>
				</field>
				<link>
					<name>id</name>
					<table>snapshot_items</table>
				</link>
				<value>228242</value>
			</item>
			<origid>
				<field>
					<name>orig_id</name>
					<table>snapshot_items</table>
				</field>
				<value>38549</value>
			</origid>
			<partno>
				<field>
					<name>partno</name>
					<table>snapshot_items</table>
				</field>
				<value>8701-00B</value>
			</partno>
			<description>
				<field>
					<name>description</name>
					<table>snapshot_items</table>
				</field>
				<value>Leather FFP w/ Kit(6 per case)</value>
			</description>
			<price>
				<field>
					<name>price</name>
					<table>snapshot_items</table>
				</field>
				<value>339</value>
			</price>
			<size>
				<field>
					<name>size</name>
					<table>snapshot_items</table>
				</field>
				<value></value>
			</size>
			<color>
				<field>
					<name>color</name>
					<table>snapshot_items</table>
				</field>
				<value></value>
			</color>
			<itemset>
				<field>
					<name>set_</name>
					<table>snapshot_items</table>
				</field>
				<value></value>
			</itemset>
			<matt>
				<field>
					<name>matt</name>
					<table>snapshot_items</table>
				</field>
				<value></value>
			</matt>
			<box>
				<field>
					<name>matt</name>
					<table>snapshot_items</table>
				</field>
				<value></value>
			</box>
			<displayorder>
				<field>
					<name>display_order</name>
					<table>snapshot_items</table>
				</field>
				<value>2</value>
			</displayorder>
			<cubicft>
				<field>
					<name>cubic_ft</name>
					<table>snapshot_items</table>
				</field>
				<value>0</value>
			</cubicft>
			<qtyinset>
				<field>
					<name>setqty</name>
					<table>snapshot_items</table>
				</field>
				<value>0</value>
			</qtyinset>
			<setqty>
				<field>
					<name>setqty</name>
					<table>orders</table>
				</field>
				<value>0</value>
			</setqty>
			<mattqty>
				<field>
					<name>mattqty</name>
					<table>orders</table>
				</field>
				<value>0</value>
			</mattqty>
			<boxqty>
				<field>
					<name>qty</name>
					<table>orders</table>
				</field>
				<value>1</value>
			</boxqty>
			<orderdate>
				<field>
					<name>ordered</name>
					<table>orders</table>
				</field>
				<value>2007-02-11</value>
			</orderdate>
			<ordertime>
				<field>
					<name>ordered_time</name>
					<table>orders</table>
				</field>
				<value>17:49:24</value>
			</ordertime>
		</lineitem>
	</itemgroup>
</po>